-- --------------------------------------------------------
-- Host:                         127.0.0.1
-- Server version:               11.4.5-MariaDB-log - mariadb.org binary distribution
-- Server OS:                    Win64
-- HeidiSQL Version:             12.10.0.7000
-- --------------------------------------------------------

/*!40101 SET @OLD_CHARACTER_SET_CLIENT=@@CHARACTER_SET_CLIENT */;
/*!40101 SET NAMES utf8 */;
/*!50503 SET NAMES utf8mb4 */;
/*!40103 SET @OLD_TIME_ZONE=@@TIME_ZONE */;
/*!40103 SET TIME_ZONE='+00:00' */;
/*!40014 SET @OLD_FOREIGN_KEY_CHECKS=@@FOREIGN_KEY_CHECKS, FOREIGN_KEY_CHECKS=0 */;
/*!40101 SET @OLD_SQL_MODE=@@SQL_MODE, SQL_MODE='NO_AUTO_VALUE_ON_ZERO' */;
/*!40111 SET @OLD_SQL_NOTES=@@SQL_NOTES, SQL_NOTES=0 */;

-- Dumping structure for table tracerstudy.activity_logs
CREATE TABLE IF NOT EXISTS `activity_logs` (
  `id` bigint(20) unsigned NOT NULL AUTO_INCREMENT,
  `user_id` int(10) unsigned DEFAULT NULL,
  `action` varchar(100) NOT NULL,
  `module` varchar(50) DEFAULT NULL,
  `table_name` varchar(50) DEFAULT NULL,
  `record_id` int(10) unsigned DEFAULT NULL,
  `old_values` longtext CHARACTER SET utf8mb4 COLLATE utf8mb4_bin DEFAULT NULL CHECK (json_valid(`old_values`)),
  `new_values` longtext CHARACTER SET utf8mb4 COLLATE utf8mb4_bin DEFAULT NULL CHECK (json_valid(`new_values`)),
  `ip_address` varbinary(16) DEFAULT NULL,
  `user_agent` varchar(255) DEFAULT NULL,
  `created_at` timestamp NULL DEFAULT current_timestamp(),
  PRIMARY KEY (`id`),
  KEY `idx_log_user` (`user_id`),
  KEY `idx_log_action` (`action`),
  KEY `idx_log_module` (`module`),
  KEY `idx_log_created` (`created_at`),
  CONSTRAINT `fk_log_user` FOREIGN KEY (`user_id`) REFERENCES `users` (`id`) ON DELETE SET NULL ON UPDATE CASCADE
) ENGINE=InnoDB AUTO_INCREMENT=26 DEFAULT CHARSET=utf8mb4 COLLATE=utf8mb4_unicode_ci;

-- Dumping data for table tracerstudy.activity_logs: ~21 rows (approximately)
INSERT INTO `activity_logs` (`id`, `user_id`, `action`, `module`, `table_name`, `record_id`, `old_values`, `new_values`, `ip_address`, `user_agent`, `created_at`) VALUES
	(1, NULL, 'login_failed', 'auth', 'users', NULL, NULL, '{"description":"Invalid credentials"}', _binary 0x3132372e302e302e31, 'Mozilla/5.0 (Windows NT 10.0; Win64; x64; rv:150.0) Gecko/20100101 Firefox/150.0', '2026-06-29 08:37:24'),
	(2, NULL, 'login_success', 'auth', 'users', NULL, NULL, '{"description":"Login berhasil"}', _binary 0x3132372e302e302e31, 'Mozilla/5.0 (Windows NT 10.0; Win64; x64; rv:150.0) Gecko/20100101 Firefox/150.0', '2026-06-29 08:39:53'),
	(3, NULL, 'login_failed', 'auth', 'users', NULL, NULL, '{"description":"Invalid credentials"}', _binary 0x3132372e302e302e31, 'Mozilla/5.0 (Windows NT 10.0; Win64; x64; rv:150.0) Gecko/20100101 Firefox/150.0', '2026-06-29 09:27:29'),
	(4, NULL, 'login_success', 'auth', 'users', NULL, NULL, '{"description":"Login berhasil"}', _binary 0x3132372e302e302e31, 'Mozilla/5.0 (Windows NT 10.0; Win64; x64; rv:150.0) Gecko/20100101 Firefox/150.0', '2026-06-29 09:28:14'),
	(5, NULL, 'login_success', 'auth', 'users', NULL, NULL, '{"description":"Login berhasil"}', _binary 0x3132372e302e302e31, 'Mozilla/5.0 (Windows NT 10.0; Win64; x64; rv:150.0) Gecko/20100101 Firefox/150.0', '2026-06-29 12:19:57'),
	(6, NULL, 'login_success', 'auth', 'users', NULL, NULL, '{"description":"Login berhasil"}', _binary 0x3132372e302e302e31, 'Mozilla/5.0 (Windows NT 10.0; Win64; x64; rv:150.0) Gecko/20100101 Firefox/150.0', '2026-06-29 20:23:41'),
	(8, NULL, 'logout', 'auth', 'users', NULL, NULL, '{"description":"Logout berhasil (user tidak ditemukan)"}', _binary 0x3132372e302e302e31, 'Mozilla/5.0 (Windows NT 10.0; Win64; x64; rv:150.0) Gecko/20100101 Firefox/150.0', '2026-06-29 21:48:39'),
	(9, NULL, 'login_failed', 'auth', 'users', NULL, NULL, '{"description":"Invalid credentials"}', _binary 0x3132372e302e302e31, 'Mozilla/5.0 (Windows NT 10.0; Win64; x64; rv:150.0) Gecko/20100101 Firefox/150.0', '2026-06-29 21:49:12'),
	(10, NULL, 'login_failed', 'auth', 'users', NULL, NULL, '{"description":"Invalid credentials"}', _binary 0x3132372e302e302e31, 'Mozilla/5.0 (Windows NT 10.0; Win64; x64; rv:150.0) Gecko/20100101 Firefox/150.0', '2026-06-29 21:49:33'),
	(11, 2, 'login_success', 'auth', 'users', NULL, NULL, '{"description":"Login berhasil"}', _binary 0x3132372e302e302e31, 'Mozilla/5.0 (Windows NT 10.0; Win64; x64; rv:150.0) Gecko/20100101 Firefox/150.0', '2026-06-29 21:51:44'),
	(12, NULL, 'logout', 'auth', 'users', NULL, NULL, '{"description":"Logout berhasil (user tidak ditemukan)"}', _binary 0x3132372e302e302e31, 'Mozilla/5.0 (Windows NT 10.0; Win64; x64; rv:150.0) Gecko/20100101 Firefox/150.0', '2026-06-29 21:52:14'),
	(13, 3, 'login_success', 'auth', 'users', NULL, NULL, '{"description":"Login berhasil"}', _binary 0x3132372e302e302e31, 'Mozilla/5.0 (Windows NT 10.0; Win64; x64; rv:150.0) Gecko/20100101 Firefox/150.0', '2026-06-29 21:52:49'),
	(14, NULL, 'logout', 'auth', 'users', NULL, NULL, '{"description":"Logout berhasil (user tidak ditemukan)"}', _binary 0x3132372e302e302e31, 'Mozilla/5.0 (Windows NT 10.0; Win64; x64; rv:150.0) Gecko/20100101 Firefox/150.0', '2026-06-29 22:01:08'),
	(15, 3, 'login_success', 'auth', 'users', NULL, NULL, '{"description":"Login berhasil"}', _binary 0x3132372e302e302e31, 'Mozilla/5.0 (Windows NT 10.0; Win64; x64; rv:150.0) Gecko/20100101 Firefox/150.0', '2026-06-29 22:01:36'),
	(16, 3, 'login_success', 'auth', 'users', NULL, NULL, '{"description":"Login berhasil"}', _binary 0x3132372e302e302e31, 'Mozilla/5.0 (Windows NT 10.0; Win64; x64; rv:150.0) Gecko/20100101 Firefox/150.0', '2026-06-29 23:01:20'),
	(17, NULL, 'logout', 'auth', 'users', NULL, NULL, '{"description":"Logout berhasil (user tidak ditemukan)"}', _binary 0x3132372e302e302e31, 'Mozilla/5.0 (Windows NT 10.0; Win64; x64; rv:150.0) Gecko/20100101 Firefox/150.0', '2026-06-29 23:03:25'),
	(18, 4, 'login_success', 'auth', 'users', NULL, NULL, '{"description":"Login berhasil"}', _binary 0x3132372e302e302e31, 'Mozilla/5.0 (Windows NT 10.0; Win64; x64; rv:150.0) Gecko/20100101 Firefox/150.0', '2026-06-29 23:03:48'),
	(19, 3, 'login_success', 'auth', 'users', NULL, NULL, '{"description":"Login berhasil"}', _binary 0x3132372e302e302e31, 'Mozilla/5.0 (Windows NT 10.0; Win64; x64; rv:150.0) Gecko/20100101 Firefox/150.0', '2026-07-01 01:18:13'),
	(20, NULL, 'logout', 'auth', 'users', NULL, NULL, '{"description":"Logout berhasil (user tidak ditemukan)"}', _binary 0x3132372e302e302e31, 'Mozilla/5.0 (Windows NT 10.0; Win64; x64; rv:150.0) Gecko/20100101 Firefox/150.0', '2026-07-01 01:23:28'),
	(21, NULL, 'login_failed', 'auth', 'users', NULL, NULL, '{"description":"Invalid credentials"}', _binary 0x3132372e302e302e31, 'Mozilla/5.0 (Windows NT 10.0; Win64; x64; rv:150.0) Gecko/20100101 Firefox/150.0', '2026-07-01 01:24:19'),
	(22, 4, 'login_success', 'auth', 'users', NULL, NULL, '{"description":"Login berhasil"}', _binary 0x3132372e302e302e31, 'Mozilla/5.0 (Windows NT 10.0; Win64; x64; rv:150.0) Gecko/20100101 Firefox/150.0', '2026-07-01 01:24:47'),
	(23, 4, 'login_success', 'auth', 'users', NULL, NULL, '{"description":"Login berhasil"}', _binary 0x3132372e302e302e31, 'Mozilla/5.0 (Windows NT 10.0; Win64; x64; rv:150.0) Gecko/20100101 Firefox/150.0', '2026-07-01 05:35:31'),
	(24, 4, 'login_success', 'auth', 'users', NULL, NULL, '{"description":"Login berhasil"}', _binary 0x3132372e302e302e31, 'Mozilla/5.0 (Windows NT 10.0; Win64; x64; rv:150.0) Gecko/20100101 Firefox/150.0', '2026-07-01 06:19:05'),
	(25, 4, 'logout', 'auth', 'users', NULL, NULL, '{"description":"Logout berhasil"}', _binary 0x3132372e302e302e31, 'Mozilla/5.0 (Windows NT 10.0; Win64; x64; rv:150.0) Gecko/20100101 Firefox/150.0', '2026-07-01 07:00:41');

-- Dumping structure for table tracerstudy.alumni
CREATE TABLE IF NOT EXISTS `alumni` (
  `id` int(11) unsigned NOT NULL AUTO_INCREMENT,
  `user_id` int(10) unsigned DEFAULT NULL,
  `prodi_id` int(10) unsigned NOT NULL,
  `kohort_id` int(10) unsigned DEFAULT NULL,
  `nim` varchar(20) NOT NULL,
  `nama_lengkap` varchar(150) NOT NULL,
  `nik_encrypted` varbinary(255) DEFAULT NULL COMMENT 'AES encrypted NIK',
  `tempat_lahir` varchar(100) DEFAULT NULL,
  `tanggal_lahir` date DEFAULT NULL,
  `jenis_kelamin` enum('L','P') DEFAULT NULL,
  `agama` varchar(50) DEFAULT NULL,
  `email_pribadi` varchar(100) DEFAULT NULL,
  `no_hp` varchar(20) DEFAULT NULL,
  `no_hp_whatsapp` varchar(20) DEFAULT NULL,
  `alamat_domisili` text DEFAULT NULL,
  `provinsi_domisili` varchar(100) DEFAULT NULL,
  `kota_domisili` varchar(100) DEFAULT NULL,
  `kode_pos` varchar(10) DEFAULT NULL,
  `tanggal_lulus` date NOT NULL,
  `ipk` decimal(3,2) DEFAULT NULL,
  `predikat` varchar(50) DEFAULT NULL,
  `judul_skripsi` text DEFAULT NULL,
  `is_verified` tinyint(1) DEFAULT 0,
  `verification_token` varchar(64) DEFAULT NULL,
  `status_tracing` enum('belum_responden','sudah_responden','data_diverifikasi','data_ditolak') DEFAULT 'belum_responden',
  `created_at` timestamp NULL DEFAULT current_timestamp(),
  `updated_at` timestamp NULL DEFAULT current_timestamp() ON UPDATE current_timestamp(),
  `status_kerja` varchar(50) DEFAULT 'belum_bekerja',
  PRIMARY KEY (`id`),
  UNIQUE KEY `uk_alumni_nim_prodi` (`nim`,`prodi_id`),
  UNIQUE KEY `uk_alumni_user` (`user_id`),
  KEY `idx_alumni_prodi` (`prodi_id`),
  KEY `idx_alumni_kohort` (`kohort_id`),
  KEY `idx_alumni_status` (`status_tracing`),
  KEY `idx_alumni_tahun_lulus` (`tanggal_lulus`),
  CONSTRAINT `fk_alumni_kohort` FOREIGN KEY (`kohort_id`) REFERENCES `kohorts` (`id`) ON DELETE SET NULL ON UPDATE CASCADE,
  CONSTRAINT `fk_alumni_prodi` FOREIGN KEY (`prodi_id`) REFERENCES `program_studi` (`id`) ON UPDATE CASCADE,
  CONSTRAINT `fk_alumni_user` FOREIGN KEY (`user_id`) REFERENCES `users` (`id`) ON DELETE SET NULL ON UPDATE CASCADE
) ENGINE=InnoDB AUTO_INCREMENT=15 DEFAULT CHARSET=utf8mb4 COLLATE=utf8mb4_unicode_ci;

-- Dumping data for table tracerstudy.alumni: ~7 rows (approximately)
INSERT INTO `alumni` (`id`, `user_id`, `prodi_id`, `kohort_id`, `nim`, `nama_lengkap`, `nik_encrypted`, `tempat_lahir`, `tanggal_lahir`, `jenis_kelamin`, `agama`, `email_pribadi`, `no_hp`, `no_hp_whatsapp`, `alamat_domisili`, `provinsi_domisili`, `kota_domisili`, `kode_pos`, `tanggal_lulus`, `ipk`, `predikat`, `judul_skripsi`, `is_verified`, `verification_token`, `status_tracing`, `created_at`, `updated_at`, `status_kerja`) VALUES
	(8, 6, 1, 1, '2018001', 'Andi Pratama, S.Kom', NULL, 'Jakarta', '1996-05-15', 'L', 'Islam', 'andi.pratama@email.com', '081234567890', '081234567890', 'Jl. Sudirman No. 45, Apt 12A', 'DKI Jakarta', 'Jakarta Selatan', '12190', '2022-08-20', 3.85, 'Sangat Memuaskan', 'Implementasi Deep Learning untuk Deteksi Dini Penyakit Kulit', 1, NULL, 'data_diverifikasi', '2026-06-29 20:38:55', '2026-06-29 20:44:23', 'belum_bekerja'),
	(9, 7, 4, 2, '2019045', 'Siti Nurhaliza, S.E.', NULL, 'Bandung', '1997-03-22', 'P', 'Islam', 'siti.nurhaliza@email.com', '082345678901', '082345678901', 'Jl. Dago Atas No. 12', 'Jawa Barat', 'Bandung', '40135', '2023-07-15', 3.92, 'Dengan Pujian', 'Analisis Pengaruh E-Filing Terhadap Kepatuhan Wajib Pajak Orang Pribadi', 1, NULL, 'data_diverifikasi', '2026-06-29 20:38:55', '2026-06-29 20:45:09', 'belum_bekerja'),
	(10, 8, 1, 3, '2017088', 'Budi Santoso, S.Ds', NULL, 'Surabaya', '1995-11-05', 'L', 'Kristen', 'budi.santoso@email.com', '083456789012', '083456789012', 'Jl. Tunjungan No. 88', 'Jawa Timur', 'Surabaya', '60275', '2021-09-10', 3.75, 'Sangat Memuaskan', 'Perancangan Identitas Visual Brand Kopi Lokal Berbasis Kearifan Budaya', 0, 'tok_abc123xyz', 'belum_responden', '2026-06-29 20:38:55', '2026-06-29 20:44:42', 'belum_bekerja'),
	(11, NULL, 7, 2, '2019112', 'Dewi Lestari, S.Psi', NULL, 'Yogyakarta', '1997-08-18', 'P', 'Katolik', 'dewi.lestari@email.com', '084567890123', '084567890123', 'Jl. Malioboro No. 23', 'DI Yogyakarta', 'Yogyakarta', '55271', '2023-07-20', 3.88, 'Dengan Pujian', 'Hubungan Antara Stres Kerja dan Produktivitas Karyawan Generasi Z', 1, NULL, 'sudah_responden', '2026-06-29 20:38:55', '2026-06-29 20:38:55', 'belum_bekerja'),
	(12, 10, 5, 4, '2020005', 'Rizky Ramadhan, S.M.', NULL, 'Medan', '1998-01-30', 'L', 'Islam', 'rizky.ramadhan@email.com', '085678901234', '085678901234', 'Jl. Gatot Subroto No. 10', 'Sumatera Utara', 'Medan', '20112', '2024-06-30', 3.65, 'Sangat Memuaskan', 'Strategi Pemasaran Digital UMKM di Era Post-Pandemi', 0, 'tok_def456uvw', 'belum_responden', '2026-06-29 20:38:55', '2026-06-29 20:44:58', 'belum_bekerja'),
	(13, NULL, 6, 1, '2018033', 'Eka Putri, S.I.Kom', NULL, 'Semarang', '1996-04-14', 'P', 'Hindu', 'eka.putri@email.com', '086789012345', '086789012345', 'Jl. Pandanaran No. 55', 'Jawa Tengah', 'Semarang', '50241', '2022-08-25', 3.80, 'Sangat Memuaskan', 'Pola Komunikasi Politik Calon Legislatif di Media Sosial Instagram', 1, NULL, 'data_diverifikasi', '2026-06-29 20:38:55', '2026-06-29 20:38:55', 'belum_bekerja'),
	(14, NULL, 2, 2, '2019077', 'Fajar Nugraha, S.T.', NULL, 'Jakarta', '1997-09-12', 'L', 'Islam', 'fajar.nugraha@email.com', '087890123456', '087890123456', 'Jl. Rasuna Said Kav. 5', 'DKI Jakarta', 'Jakarta Selatan', '12950', '2023-08-10', 3.70, 'Sangat Memuaskan', 'Rancang Bangun Sistem Monitoring Energi Berbasis IoT pada Gedung Bertingkat', 1, NULL, 'data_diverifikasi', '2026-06-29 20:38:55', '2026-06-29 20:38:55', 'belum_bekerja');

-- Dumping structure for table tracerstudy.alumni_profiles
CREATE TABLE IF NOT EXISTS `alumni_profiles` (
  `id` int(11) NOT NULL AUTO_INCREMENT,
  `user_id` int(11) NOT NULL COMMENT 'Foreign key to users table',
  `nim` varchar(20) NOT NULL,
  `full_name` varchar(255) NOT NULL,
  `gender` enum('L','P') NOT NULL,
  `place_of_birth` varchar(100) DEFAULT NULL,
  `date_of_birth` date DEFAULT NULL,
  `religion` varchar(50) DEFAULT NULL,
  `phone` varchar(20) DEFAULT NULL,
  `whatsapp` varchar(20) DEFAULT NULL,
  `email_personal` varchar(150) DEFAULT NULL,
  `address_current` text DEFAULT NULL,
  `city_current` varchar(100) DEFAULT NULL,
  `province_current` varchar(100) DEFAULT NULL,
  `country_current` varchar(100) DEFAULT 'Indonesia',
  `postal_code` varchar(10) DEFAULT NULL,
  `study_program` varchar(100) NOT NULL,
  `faculty` varchar(100) NOT NULL,
  `graduation_year` year(4) NOT NULL,
  `graduation_date` date DEFAULT NULL,
  `gpa` decimal(3,2) DEFAULT NULL,
  `thesis_title` text DEFAULT NULL,
  `employment_status` enum('unemployed','working','freelance','entrepreneur','further_study') DEFAULT 'unemployed',
  `company_name` varchar(255) DEFAULT NULL,
  `company_address` text DEFAULT NULL,
  `job_position` varchar(150) DEFAULT NULL,
  `industry_type` varchar(100) DEFAULT NULL,
  `salary_range` varchar(50) DEFAULT NULL,
  `start_work_date` date DEFAULT NULL,
  `work_phone` varchar(20) DEFAULT NULL,
  `linkedin_url` varchar(255) DEFAULT NULL,
  `portfolio_url` varchar(255) DEFAULT NULL,
  `is_verified` tinyint(1) DEFAULT 0,
  `verification_note` text DEFAULT NULL,
  `last_updated` timestamp NOT NULL DEFAULT current_timestamp() ON UPDATE current_timestamp(),
  `created_at` timestamp NOT NULL DEFAULT current_timestamp(),
  PRIMARY KEY (`id`),
  UNIQUE KEY `unique_nim` (`nim`),
  UNIQUE KEY `unique_user` (`user_id`),
  KEY `idx_graduation_year` (`graduation_year`),
  KEY `idx_study_program` (`study_program`),
  KEY `idx_employment_status` (`employment_status`)
) ENGINE=InnoDB AUTO_INCREMENT=6 DEFAULT CHARSET=utf8mb4 COLLATE=utf8mb4_unicode_ci;

-- Dumping data for table tracerstudy.alumni_profiles: ~5 rows (approximately)
INSERT INTO `alumni_profiles` (`id`, `user_id`, `nim`, `full_name`, `gender`, `place_of_birth`, `date_of_birth`, `religion`, `phone`, `whatsapp`, `email_personal`, `address_current`, `city_current`, `province_current`, `country_current`, `postal_code`, `study_program`, `faculty`, `graduation_year`, `graduation_date`, `gpa`, `thesis_title`, `employment_status`, `company_name`, `company_address`, `job_position`, `industry_type`, `salary_range`, `start_work_date`, `work_phone`, `linkedin_url`, `portfolio_url`, `is_verified`, `verification_note`, `last_updated`, `created_at`) VALUES
	(1, 8, '2018001', 'Budi Santoso, S.Ds', 'L', 'Jakarta', '1996-05-15', NULL, '081234567890', NULL, 'budi.santoso@email.com', NULL, 'Jakarta Selatan', NULL, 'Indonesia', NULL, 'Teknik Informatika', 'Fakultas Ilmu Komputer', '2022', NULL, 3.85, NULL, 'working', 'PT Teknologi Maju Jaya', NULL, 'Senior Software Engineer', 'Information Technology', NULL, '2022-08-01', NULL, 'https://linkedin.com/in/budisantoso', NULL, 0, NULL, '2026-06-29 20:47:01', '2026-06-29 20:31:32'),
	(2, 7, '2018002', 'Siti Nurhaliza, S.E.', 'P', 'Bandung', '1996-11-20', NULL, '081298765432', NULL, 'siti.aminah@email.com', NULL, 'Bandung', NULL, 'Indonesia', NULL, 'Manajemen', 'Fakultas Ekonomi', '2022', NULL, 3.92, NULL, 'working', 'Bank Mandiri', NULL, 'Relationship Officer', 'Finance & Banking', NULL, '2023-01-15', NULL, 'https://linkedin.com/in/sitiaminah', NULL, 0, NULL, '2026-06-29 20:47:35', '2026-06-29 20:31:32'),
	(3, 10, '2019005', 'Rizky Ramadhan, S.M.', 'L', 'Surabaya', '1997-03-10', NULL, '081355556666', NULL, 'rizky.p@email.com', NULL, 'Surabaya', NULL, 'Indonesia', NULL, 'Desain Komunikasi Visual', 'Fakultas Seni dan Desain', '2023', NULL, 3.75, NULL, 'freelance', 'Freelance Designer', NULL, 'Graphic Designer', 'Creative Industry', NULL, '2023-06-01', NULL, 'https://behance.net/rizkypratama', NULL, 0, NULL, '2026-06-29 20:47:16', '2026-06-29 20:31:32'),
	(4, 104, '2019010', 'Dewi Lestari', 'P', 'Yogyakarta', '1997-08-25', NULL, '081477778888', NULL, 'dewi.lestari@email.com', NULL, 'Yogyakarta', NULL, 'Indonesia', NULL, 'Psikologi', 'Fakultas Psikologi', '2023', NULL, 3.80, NULL, 'further_study', NULL, NULL, 'Mahasiswa S2', 'Education', NULL, NULL, NULL, 'https://linkedin.com/in/dewilestari', NULL, 0, NULL, '2026-06-29 20:31:32', '2026-06-29 20:31:32'),
	(5, 105, '2020015', 'Ahmad Fauzi', 'L', 'Medan', '1998-02-14', NULL, '081599990000', NULL, 'ahmad.fauzi@email.com', NULL, 'Medan', NULL, 'Indonesia', NULL, 'Akuntansi', 'Fakultas Ekonomi', '2024', NULL, 3.65, NULL, 'unemployed', NULL, NULL, NULL, NULL, NULL, NULL, NULL, NULL, NULL, 0, NULL, '2026-06-29 20:31:32', '2026-06-29 20:31:32');

-- Dumping structure for table tracerstudy.api_keys
CREATE TABLE IF NOT EXISTS `api_keys` (
  `id` int(10) unsigned NOT NULL AUTO_INCREMENT,
  `user_id` int(10) unsigned NOT NULL,
  `key_hash` varchar(64) NOT NULL,
  `name` varchar(100) NOT NULL,
  `scopes` longtext CHARACTER SET utf8mb4 COLLATE utf8mb4_bin NOT NULL COMMENT 'Array of allowed scopes e.g. ["read:alumni", "write:survey"]' CHECK (json_valid(`scopes`)),
  `expires_at` datetime DEFAULT NULL,
  `last_used_at` datetime DEFAULT NULL,
  `is_active` tinyint(1) DEFAULT 1,
  `created_at` timestamp NULL DEFAULT current_timestamp(),
  PRIMARY KEY (`id`),
  UNIQUE KEY `key_hash` (`key_hash`),
  KEY `fk_apikey_user` (`user_id`),
  KEY `idx_apikey_hash` (`key_hash`),
  KEY `idx_apikey_expires` (`expires_at`),
  CONSTRAINT `fk_apikey_user` FOREIGN KEY (`user_id`) REFERENCES `users` (`id`) ON DELETE CASCADE ON UPDATE CASCADE
) ENGINE=InnoDB DEFAULT CHARSET=utf8mb4 COLLATE=utf8mb4_unicode_ci;

-- Dumping data for table tracerstudy.api_keys: ~0 rows (approximately)

-- Dumping structure for table tracerstudy.cache
CREATE TABLE IF NOT EXISTS `cache` (
  `key` varchar(255) NOT NULL,
  `value` mediumtext NOT NULL,
  `expiration` int(10) unsigned NOT NULL,
  `created_at` timestamp NULL DEFAULT current_timestamp(),
  PRIMARY KEY (`key`),
  KEY `idx_cache_expiration` (`expiration`)
) ENGINE=InnoDB DEFAULT CHARSET=utf8mb4 COLLATE=utf8mb4_unicode_ci;

-- Dumping data for table tracerstudy.cache: ~0 rows (approximately)

-- Dumping structure for table tracerstudy.ci_sessions
CREATE TABLE IF NOT EXISTS `ci_sessions` (
  `id` varchar(128) NOT NULL,
  `ip_address` varbinary(16) NOT NULL,
  `timestamp` int(10) unsigned NOT NULL DEFAULT 0,
  `data` mediumblob NOT NULL,
  PRIMARY KEY (`id`),
  KEY `ci_sessions_timestamp` (`timestamp`),
  KEY `ci_sessions_ip` (`ip_address`)
) ENGINE=InnoDB DEFAULT CHARSET=utf8mb4 COLLATE=utf8mb4_unicode_ci;

-- Dumping data for table tracerstudy.ci_sessions: ~31 rows (approximately)
INSERT INTO `ci_sessions` (`id`, `ip_address`, `timestamp`, `data`) VALUES
	('02182aa4212198fea129b19c9d70180326c150d5', _binary 0x3132372e302e302e31, 1782881219, _binary 0x5f5f63695f6c6173745f726567656e65726174657c693a313738323838313231393b757365725f69647c733a313a2234223b757365726e616d657c733a383a2261646d696e5f7469223b656d61696c7c733a31393a2261646d696e2e746940756e69762e61632e6964223b726f6c657c733a31313a2261646d696e5f70726f6469223b70726f66696c655f69647c733a313a2231223b69735f656d61696c5f76657269666965647c623a303b6c6f676765645f696e7c623a313b6c6f67696e5f74696d657c693a313738323836393038373b6c6173745f61637469766974797c693a313738323836393038373b),
	('1266984b5ab9af6afba4bcc28edae6bf39f4aa50', _binary 0x3132372e302e302e31, 1782723043, _binary 0x5f5f63695f6c6173745f726567656e65726174657c693a313738323732333034333b757365725f69647c733a313a2231223b757365726e616d657c733a31303a22737570657261646d696e223b656d61696c7c733a32313a22737570657261646d696e40756e69762e61632e6964223b726f6c657c733a31313a2273757065725f61646d696e223b70726f66696c655f69647c4e3b69735f656d61696c5f76657269666965647c623a303b6c6f676765645f696e7c623a313b6c6f67696e5f74696d657c693a313738323732323339333b6c6173745f61637469766974797c693a313738323732323633343b),
	('151cafc0dc9bcccafb02e414579500613d96a1d4', _binary 0x3132372e302e302e31, 1782765550, _binary 0x5f5f63695f6c6173745f726567656e65726174657c693a313738323736353535303b757365725f69647c733a313a2231223b757365726e616d657c733a31303a22737570657261646d696e223b656d61696c7c733a32313a22737570657261646d696e40756e69762e61632e6964223b726f6c657c733a31313a2273757065725f61646d696e223b70726f66696c655f69647c4e3b69735f656d61696c5f76657269666965647c623a303b6c6f676765645f696e7c623a313b6c6f67696e5f74696d657c693a313738323736343632313b6c6173745f61637469766974797c693a313738323736353231323b),
	('18466933151b88300817b493e5b02f87c1316331', _binary 0x3132372e302e302e31, 1782721432, _binary 0x5f5f63695f6c6173745f726567656e65726174657c693a313738323732313433323b),
	('18d88d9190ce1468e6555a3365a80e500b41f7a5', _binary 0x3132372e302e302e31, 1782767068, _binary 0x5f5f63695f6c6173745f726567656e65726174657c693a313738323736373036383b757365725f69647c733a313a2231223b757365726e616d657c733a31303a22737570657261646d696e223b656d61696c7c733a32313a22737570657261646d696e40756e69762e61632e6964223b726f6c657c733a31313a2273757065725f61646d696e223b70726f66696c655f69647c4e3b69735f656d61696c5f76657269666965647c623a303b6c6f676765645f696e7c623a313b6c6f67696e5f74696d657c693a313738323736343632313b6c6173745f61637469766974797c693a313738323736363831333b),
	('1ad132ddbe2679eb096b4ee0731cf6f6d456c489', _binary 0x3132372e302e302e31, 1782888756, _binary 0x5f5f63695f6c6173745f726567656e65726174657c693a313738323838383735363b757365725f69647c733a313a2234223b757365726e616d657c733a383a2261646d696e5f7469223b656d61696c7c733a31393a2261646d696e2e746940756e69762e61632e6964223b726f6c657c733a31313a2261646d696e5f70726f6469223b70726f66696c655f69647c733a313a2231223b69735f656d61696c5f76657269666965647c623a303b6c6f676765645f696e7c623a313b6c6f67696e5f74696d657c693a313738323838363734353b6c6173745f61637469766974797c693a313738323838373438363b),
	('1b8cca9eb81953d1cc11f6f406b41fd91dd8bdf2', _binary 0x3132372e302e302e31, 1782765935, _binary 0x5f5f63695f6c6173745f726567656e65726174657c693a313738323736353933353b757365725f69647c733a313a2231223b757365726e616d657c733a31303a22737570657261646d696e223b656d61696c7c733a32313a22737570657261646d696e40756e69762e61632e6964223b726f6c657c733a31313a2273757065725f61646d696e223b70726f66696c655f69647c4e3b69735f656d61696c5f76657269666965647c623a303b6c6f676765645f696e7c623a313b6c6f67696e5f74696d657c693a313738323736343632313b6c6173745f61637469766974797c693a313738323736353834343b),
	('1f1934bcec367fbc68c08f2e371a24a755804453', _binary 0x3132372e302e302e31, 1782725373, _binary 0x5f5f63695f6c6173745f726567656e65726174657c693a313738323732353232393b757365725f69647c733a313a2231223b757365726e616d657c733a31303a22737570657261646d696e223b656d61696c7c733a32313a22737570657261646d696e40756e69762e61632e6964223b726f6c657c733a31313a2273757065725f61646d696e223b70726f66696c655f69647c4e3b69735f656d61696c5f76657269666965647c623a303b6c6f676765645f696e7c623a313b6c6f67696e5f74696d657c693a313738323732353239343b6c6173745f61637469766974797c693a313738323732353337333b),
	('2661e567a26286ba7cc74263507b50b54c2e7f7f', _binary 0x3132372e302e302e31, 1782722393, _binary 0x5f5f63695f6c6173745f726567656e65726174657c693a313738323732323339333b6572726f727c733a32393a22557365726e616d6520617461752070617373776f72642073616c61682e223b5f5f63695f766172737c613a313a7b733a353a226572726f72223b733a333a226f6c64223b7d),
	('3fe8999446e7e2dc00fa772a1b1df149385fd2e6', _binary 0x3132372e302e302e31, 1782767656, _binary 0x5f5f63695f6c6173745f726567656e65726174657c693a313738323736373635363b757365725f69647c733a313a2231223b757365726e616d657c733a31303a22737570657261646d696e223b656d61696c7c733a32313a22737570657261646d696e40756e69762e61632e6964223b726f6c657c733a31313a2273757065725f61646d696e223b70726f66696c655f69647c4e3b69735f656d61696c5f76657269666965647c623a303b6c6f676765645f696e7c623a313b6c6f67696e5f74696d657c693a313738323736343632313b6c6173745f61637469766974797c693a313738323736373331393b),
	('4ae5bfd76c87d110e77230a661e54fc3e5ba9b5a', _binary 0x3132372e302e302e31, 1782887771, _binary 0x5f5f63695f6c6173745f726567656e65726174657c693a313738323838373737313b757365725f69647c733a313a2234223b757365726e616d657c733a383a2261646d696e5f7469223b656d61696c7c733a31393a2261646d696e2e746940756e69762e61632e6964223b726f6c657c733a31313a2261646d696e5f70726f6469223b70726f66696c655f69647c733a313a2231223b69735f656d61696c5f76657269666965647c623a303b6c6f676765645f696e7c623a313b6c6f67696e5f74696d657c693a313738323838363734353b6c6173745f61637469766974797c693a313738323838373438363b),
	('4b482f25799a6a428269393284dd06382d53f3c5', _binary 0x3132372e302e302e31, 1782870413, _binary 0x5f5f63695f6c6173745f726567656e65726174657c693a313738323837303431333b757365725f69647c733a313a2234223b757365726e616d657c733a383a2261646d696e5f7469223b656d61696c7c733a31393a2261646d696e2e746940756e69762e61632e6964223b726f6c657c733a31313a2261646d696e5f70726f6469223b70726f66696c655f69647c4e3b69735f656d61696c5f76657269666965647c623a303b6c6f676765645f696e7c623a313b6c6f67696e5f74696d657c693a313738323836393038373b6c6173745f61637469766974797c693a313738323836393038373b),
	('4bfe6f27db5a173dbef3ebe93ef48dd9e22b8995', _binary 0x3132372e302e302e31, 1782868957, _binary 0x5f5f63695f6c6173745f726567656e65726174657c693a313738323836383935373b757365725f69647c733a313a2233223b757365726e616d657c733a31373a2261646d696e5f70757361745f6b61726972223b656d61696c7c733a32343a226361726565722e63656e74657240756e69762e61632e6964223b726f6c657c733a31373a2261646d696e5f70757361745f6b61726972223b70726f66696c655f69647c4e3b69735f656d61696c5f76657269666965647c623a303b6c6f676765645f696e7c623a313b6c6f67696e5f74696d657c693a313738323836383639323b6c6173745f61637469766974797c693a313738323836383639373b),
	('52d9f12f9ab50de023a618e4201cb80530d8af2c', _binary 0x3132372e302e302e31, 1782770467, _binary 0x5f5f63695f6c6173745f726567656e65726174657c693a313738323737303436373b757365725f69647c733a313a2233223b757365726e616d657c733a31313a2261646d696e5f6b61726972223b656d61696c7c733a32343a226361726565722e63656e74657240756e69762e61632e6964223b726f6c657c733a353a2261646d696e223b70726f66696c655f69647c4e3b69735f656d61696c5f76657269666965647c623a303b6c6f676765645f696e7c623a313b6c6f67696e5f74696d657c693a313738323736393936393b6c6173745f61637469766974797c693a313738323736393938343b),
	('5882a64231c6e9f8d7203d6781f920dde2ca6432', _binary 0x3132372e302e302e31, 1782734510, _binary 0x5f5f63695f6c6173745f726567656e65726174657c693a313738323733343531303b),
	('5a7c162bebaca1ade69ab8f1c3ecb5776cc78c3c', _binary 0x3132372e302e302e31, 1782886686, _binary 0x5f5f63695f6c6173745f726567656e65726174657c693a313738323838363638363b757365725f69647c733a313a2234223b757365726e616d657c733a383a2261646d696e5f7469223b656d61696c7c733a31393a2261646d696e2e746940756e69762e61632e6964223b726f6c657c733a31313a2261646d696e5f70726f6469223b70726f66696c655f69647c733a313a2231223b69735f656d61696c5f76657269666965647c623a303b6c6f676765645f696e7c623a313b6c6f67696e5f74696d657c693a313738323838343133313b6c6173745f61637469766974797c693a313738323838343133313b),
	('620384797d99d8f3423ff61a43ff96e1e21db87e', _binary 0x3132372e302e302e31, 1782725226, _binary 0x5f5f63695f6c6173745f726567656e65726174657c693a313738323732353232363b757365725f69647c733a313a2231223b757365726e616d657c733a31303a22737570657261646d696e223b656d61696c7c733a32313a22737570657261646d696e40756e69762e61632e6964223b726f6c657c733a31313a2273757065725f61646d696e223b70726f66696c655f69647c4e3b69735f656d61696c5f76657269666965647c623a303b6c6f676765645f696e7c623a313b6c6f67696e5f74696d657c693a313738323732323339333b6c6173745f61637469766974797c693a313738323732333336363b),
	('6911e264ac426c0e0c54fc66e836009136a03ec8', _binary 0x3132372e302e302e31, 1782723351, _binary 0x5f5f63695f6c6173745f726567656e65726174657c693a313738323732333335313b757365725f69647c733a313a2231223b757365726e616d657c733a31303a22737570657261646d696e223b656d61696c7c733a32313a22737570657261646d696e40756e69762e61632e6964223b726f6c657c733a31313a2273757065725f61646d696e223b70726f66696c655f69647c4e3b69735f656d61696c5f76657269666965647c623a303b6c6f676765645f696e7c623a313b6c6f67696e5f74696d657c693a313738323732323339333b6c6173745f61637469766974797c693a313738323732333334333b),
	('6c5f11617d7dfe2a100ef18ad1bfe17ea167c198', _binary 0x3132372e302e302e31, 1782889133, _binary 0x5f5f63695f6c6173745f726567656e65726174657c693a313738323838393133333b757365725f69647c733a313a2234223b757365726e616d657c733a383a2261646d696e5f7469223b656d61696c7c733a31393a2261646d696e2e746940756e69762e61632e6964223b726f6c657c733a31313a2261646d696e5f70726f6469223b70726f66696c655f69647c733a313a2231223b69735f656d61696c5f76657269666965647c623a303b6c6f676765645f696e7c623a313b6c6f67696e5f74696d657c693a313738323838363734353b6c6173745f61637469766974797c693a313738323838373438363b),
	('6e0430b857e8e2da4e8840ec57336316ca0aafe3', _binary 0x3132372e302e302e31, 1782774005, _binary 0x5f5f63695f6c6173745f726567656e65726174657c693a313738323737343030353b757365725f69647c733a313a2233223b757365726e616d657c733a31313a2261646d696e5f6b61726972223b656d61696c7c733a32343a226361726565722e63656e74657240756e69762e61632e6964223b726f6c657c733a353a2261646d696e223b70726f66696c655f69647c4e3b69735f656d61696c5f76657269666965647c623a303b6c6f676765645f696e7c623a313b6c6f67696e5f74696d657c693a313738323737303439363b6c6173745f61637469766974797c693a313738323737303439363b),
	('728ca47763afa7602256f72067bf9f433634a0da', _binary 0x3132372e302e302e31, 1782887464, _binary 0x5f5f63695f6c6173745f726567656e65726174657c693a313738323838373436343b757365725f69647c733a313a2234223b757365726e616d657c733a383a2261646d696e5f7469223b656d61696c7c733a31393a2261646d696e2e746940756e69762e61632e6964223b726f6c657c733a31313a2261646d696e5f70726f6469223b70726f66696c655f69647c733a313a2231223b69735f656d61696c5f76657269666965647c623a303b6c6f676765645f696e7c623a313b6c6f67696e5f74696d657c693a313738323838363734353b6c6173745f61637469766974797c693a313738323838363734353b),
	('72bf1e38ff7a0d7ae53f07276f8163ec292913d3', _binary 0x3132372e302e302e31, 1782923206, _binary 0x5f5f63695f6c6173745f726567656e65726174657c693a313738323932333139393b),
	('7da67960269accdc6a7aff52728323cf6ea744e8', _binary 0x3132372e302e302e31, 1782876599, _binary 0x5f5f63695f6c6173745f726567656e65726174657c693a313738323837363539393b757365725f69647c733a313a2234223b757365726e616d657c733a383a2261646d696e5f7469223b656d61696c7c733a31393a2261646d696e2e746940756e69762e61632e6964223b726f6c657c733a31313a2261646d696e5f70726f6469223b70726f66696c655f69647c733a313a2231223b69735f656d61696c5f76657269666965647c623a303b6c6f676765645f696e7c623a313b6c6f67696e5f74696d657c693a313738323836393038373b6c6173745f61637469766974797c693a313738323836393038373b),
	('89d6be82887246a45bd8b96cd5e700e892d962e3', _binary 0x3132372e302e302e31, 1782888300, _binary 0x5f5f63695f6c6173745f726567656e65726174657c693a313738323838383330303b757365725f69647c733a313a2234223b757365726e616d657c733a383a2261646d696e5f7469223b656d61696c7c733a31393a2261646d696e2e746940756e69762e61632e6964223b726f6c657c733a31313a2261646d696e5f70726f6469223b70726f66696c655f69647c733a313a2231223b69735f656d61696c5f76657269666965647c623a303b6c6f676765645f696e7c623a313b6c6f67696e5f74696d657c693a313738323838363734353b6c6173745f61637469766974797c693a313738323838373438363b),
	('928441d5e0f6508047fc6f8fc1f8e8fb58f8e108', _binary 0x3132372e302e302e31, 1782877509, _binary 0x5f5f63695f6c6173745f726567656e65726174657c693a313738323837373530393b757365725f69647c733a313a2234223b757365726e616d657c733a383a2261646d696e5f7469223b656d61696c7c733a31393a2261646d696e2e746940756e69762e61632e6964223b726f6c657c733a31313a2261646d696e5f70726f6469223b70726f66696c655f69647c733a313a2231223b69735f656d61696c5f76657269666965647c623a303b6c6f676765645f696e7c623a313b6c6f67696e5f74696d657c693a313738323836393038373b6c6173745f61637469766974797c693a313738323836393038373b),
	('993a47d3dde718483ae71646054702ac13d49c80', _binary 0x3132372e302e302e31, 1782768900, _binary 0x5f5f63695f6c6173745f726567656e65726174657c693a313738323736383930303b757365725f69647c733a313a2231223b757365726e616d657c733a31303a22737570657261646d696e223b656d61696c7c733a32313a22737570657261646d696e40756e69762e61632e6964223b726f6c657c733a31313a2273757065725f61646d696e223b70726f66696c655f69647c4e3b69735f656d61696c5f76657269666965647c623a303b6c6f676765645f696e7c623a313b6c6f67696e5f74696d657c693a313738323736343632313b6c6173745f61637469766974797c693a313738323736373637323b),
	('9b676c8fe8881be537a4742cef56d5e50fe97caa', _binary 0x3132372e302e302e31, 1782884455, _binary 0x5f5f63695f6c6173745f726567656e65726174657c693a313738323838343435353b757365725f69647c733a313a2234223b757365726e616d657c733a383a2261646d696e5f7469223b656d61696c7c733a31393a2261646d696e2e746940756e69762e61632e6964223b726f6c657c733a31313a2261646d696e5f70726f6469223b70726f66696c655f69647c733a313a2231223b69735f656d61696c5f76657269666965647c623a303b6c6f676765645f696e7c623a313b6c6f67696e5f74696d657c693a313738323838343133313b6c6173745f61637469766974797c693a313738323838343133313b),
	('a0611d68669ff3bcea2fcbb2fa61e6b875cda3f6', _binary 0x3132372e302e302e31, 1782769331, _binary 0x5f5f63695f6c6173745f726567656e65726174657c693a313738323736393333313b757365725f69647c733a313a2231223b757365726e616d657c733a31303a22737570657261646d696e223b656d61696c7c733a32313a22737570657261646d696e40756e69762e61632e6964223b726f6c657c733a31313a2273757065725f61646d696e223b70726f66696c655f69647c4e3b69735f656d61696c5f76657269666965647c623a303b6c6f676765645f696e7c623a313b6c6f67696e5f74696d657c693a313738323736343632313b6c6173745f61637469766974797c693a313738323736393032363b),
	('a3de1e89822eb1a30e6662950b997fda4d8825ba', _binary 0x3132372e302e302e31, 1782870803, _binary 0x5f5f63695f6c6173745f726567656e65726174657c693a313738323837303830333b757365725f69647c733a313a2234223b757365726e616d657c733a383a2261646d696e5f7469223b656d61696c7c733a31393a2261646d696e2e746940756e69762e61632e6964223b726f6c657c733a31313a2261646d696e5f70726f6469223b70726f66696c655f69647c733a313a2231223b69735f656d61696c5f76657269666965647c623a303b6c6f676765645f696e7c623a313b6c6f67696e5f74696d657c693a313738323836393038373b6c6173745f61637469766974797c693a313738323836393038373b),
	('a439345c28d90cdec05d936c767d7d3229ca56a8', _binary 0x3132372e302e302e31, 1782774228, _binary 0x5f5f63695f6c6173745f726567656e65726174657c693a313738323737343230393b757365725f69647c733a313a2234223b757365726e616d657c733a383a2261646d696e5f7469223b656d61696c7c733a31393a2261646d696e2e746940756e69762e61632e6964223b726f6c657c733a31313a2261646d696e5f70726f6469223b70726f66696c655f69647c4e3b69735f656d61696c5f76657269666965647c623a303b6c6f676765645f696e7c623a313b6c6f67696e5f74696d657c693a313738323737343232383b6c6173745f61637469766974797c693a313738323737343232383b),
	('a81289b1269e3f2a1c57d1ed9bb52106ead385ec', _binary 0x3132372e302e302e31, 1782889276, _binary 0x5f5f63695f6c6173745f726567656e65726174657c693a313738323838393234353b),
	('aba83dd3b896c4cf866e6bcd63d18606a5920e63', _binary 0x3132372e302e302e31, 1782769718, _binary 0x5f5f63695f6c6173745f726567656e65726174657c693a313738323736393731383b757365725f69647c733a313a2231223b757365726e616d657c733a31303a22737570657261646d696e223b656d61696c7c733a32313a22737570657261646d696e40756e69762e61632e6964223b726f6c657c733a31313a2273757065725f61646d696e223b70726f66696c655f69647c4e3b69735f656d61696c5f76657269666965647c623a303b6c6f676765645f696e7c623a313b6c6f67696e5f74696d657c693a313738323736343632313b6c6173745f61637469766974797c693a313738323736393630333b),
	('b0f9a7c8b500ed026cdfdaf8746f57943fe64af4', _binary 0x3132372e302e302e31, 1782722006, _binary 0x5f5f63695f6c6173745f726567656e65726174657c693a313738323732323030363b),
	('b491878ae1c3c73fd4195a0b63c687bbfc2c0d6c', _binary 0x3132372e302e302e31, 1782764594, _binary 0x5f5f63695f6c6173745f726567656e65726174657c693a313738323736343539333b),
	('bd3917e138c44de354e05a04b0c57483c5f8653c', _binary 0x3132372e302e302e31, 1782873509, _binary 0x5f5f63695f6c6173745f726567656e65726174657c693a313738323837333530393b757365725f69647c733a313a2234223b757365726e616d657c733a383a2261646d696e5f7469223b656d61696c7c733a31393a2261646d696e2e746940756e69762e61632e6964223b726f6c657c733a31313a2261646d696e5f70726f6469223b70726f66696c655f69647c733a313a2231223b69735f656d61696c5f76657269666965647c623a303b6c6f676765645f696e7c623a313b6c6f67696e5f74696d657c693a313738323836393038373b6c6173745f61637469766974797c693a313738323836393038373b),
	('c280032e7767f7d80aad98ff0e6daa2b483b7723', _binary 0x3132372e302e302e31, 1782764938, _binary 0x5f5f63695f6c6173745f726567656e65726174657c693a313738323736343933383b757365725f69647c733a313a2231223b757365726e616d657c733a31303a22737570657261646d696e223b656d61696c7c733a32313a22737570657261646d696e40756e69762e61632e6964223b726f6c657c733a31313a2273757065725f61646d696e223b70726f66696c655f69647c4e3b69735f656d61696c5f76657269666965647c623a303b6c6f676765645f696e7c623a313b6c6f67696e5f74696d657c693a313738323736343632313b6c6173745f61637469766974797c693a313738323736343738373b),
	('c87056542ee2f32e4c70799f669a5ea2bd2efd08', _binary 0x3132372e302e302e31, 1782735725, _binary 0x5f5f63695f6c6173745f726567656e65726174657c693a313738323733353539373b757365725f69647c733a313a2231223b757365726e616d657c733a31303a22737570657261646d696e223b656d61696c7c733a32313a22737570657261646d696e40756e69762e61632e6964223b726f6c657c733a31313a2273757065725f61646d696e223b70726f66696c655f69647c4e3b69735f656d61696c5f76657269666965647c623a303b6c6f676765645f696e7c623a313b6c6f67696e5f74696d657c693a313738323733353539373b6c6173745f61637469766974797c693a313738323733353732353b),
	('d3226b71389b4d79ccc8f88b91a6406421206eb8', _binary 0x3132372e302e302e31, 1782869312, _binary 0x5f5f63695f6c6173745f726567656e65726174657c693a313738323836393331323b757365725f69647c733a313a2234223b757365726e616d657c733a383a2261646d696e5f7469223b656d61696c7c733a31393a2261646d696e2e746940756e69762e61632e6964223b726f6c657c733a31313a2261646d696e5f70726f6469223b70726f66696c655f69647c4e3b69735f656d61696c5f76657269666965647c623a303b6c6f676765645f696e7c623a313b6c6f67696e5f74696d657c693a313738323836393038373b6c6173745f61637469766974797c693a313738323836393038373b),
	('d354f2bff84e9f2506eb77af94fa5fdb0a40b9f7', _binary 0x3132372e302e302e31, 1782766737, _binary 0x5f5f63695f6c6173745f726567656e65726174657c693a313738323736363733373b757365725f69647c733a313a2231223b757365726e616d657c733a31303a22737570657261646d696e223b656d61696c7c733a32313a22737570657261646d696e40756e69762e61632e6964223b726f6c657c733a31313a2273757065725f61646d696e223b70726f66696c655f69647c4e3b69735f656d61696c5f76657269666965647c623a303b6c6f676765645f696e7c623a313b6c6f67696e5f74696d657c693a313738323736343632313b6c6173745f61637469766974797c693a313738323736363337343b),
	('de8fa10ec44759dc7a03b349d5b658800da5416b', _binary 0x3132372e302e302e31, 1782735597, _binary 0x5f5f63695f6c6173745f726567656e65726174657c693a313738323733353539373b),
	('e0328893259d109aa7c77f7e4d1d1d68ecae2b42', _binary 0x3132372e302e302e31, 1782766332, _binary 0x5f5f63695f6c6173745f726567656e65726174657c693a313738323736363333323b757365725f69647c733a313a2231223b757365726e616d657c733a31303a22737570657261646d696e223b656d61696c7c733a32313a22737570657261646d696e40756e69762e61632e6964223b726f6c657c733a31313a2273757065725f61646d696e223b70726f66696c655f69647c4e3b69735f656d61696c5f76657269666965647c623a303b6c6f676765645f696e7c623a313b6c6f67696e5f74696d657c693a313738323736343632313b6c6173745f61637469766974797c693a313738323736363134333b),
	('e91b768ab2320f192e29767c373e48a28ba5bd2b', _binary 0x3132372e302e302e31, 1782883974, _binary 0x5f5f63695f6c6173745f726567656e65726174657c693a313738323838333935393b757365725f69647c733a313a2234223b757365726e616d657c733a383a2261646d696e5f7469223b656d61696c7c733a31393a2261646d696e2e746940756e69762e61632e6964223b726f6c657c733a31313a2261646d696e5f70726f6469223b70726f66696c655f69647c733a313a2231223b69735f656d61696c5f76657269666965647c623a303b6c6f676765645f696e7c623a313b6c6f67696e5f74696d657c693a313738323836393038373b6c6173745f61637469766974797c693a313738323836393038373b);

-- Dumping structure for table tracerstudy.config
CREATE TABLE IF NOT EXISTS `config` (
  `id` int(10) unsigned NOT NULL AUTO_INCREMENT,
  `config_key` varchar(100) NOT NULL,
  `config_value` text NOT NULL,
  `description` varchar(255) DEFAULT NULL,
  `is_encrypted` tinyint(1) NOT NULL DEFAULT 0,
  `created_at` datetime NOT NULL,
  `updated_at` datetime NOT NULL,
  PRIMARY KEY (`id`),
  UNIQUE KEY `uk_config_key` (`config_key`)
) ENGINE=InnoDB AUTO_INCREMENT=4 DEFAULT CHARSET=utf8mb4 COLLATE=utf8mb4_unicode_ci;

-- Dumping data for table tracerstudy.config: ~3 rows (approximately)
INSERT INTO `config` (`id`, `config_key`, `config_value`, `description`, `is_encrypted`, `created_at`, `updated_at`) VALUES
	(1, 'pddikti_api_url', 'https://neo.feeder.kemdikbud.go.id/rest', 'PDDikti NeoFeeder API URL', 0, '2026-06-28 04:58:26', '2026-06-28 04:58:26'),
	(2, 'pddikti_api_key', '', 'PDDikti API Key - UPDATE THIS', 1, '2026-06-28 04:58:26', '2026-06-28 04:58:26'),
	(3, 'pddikti_api_secret', '', 'PDDikti API Secret - UPDATE THIS', 1, '2026-06-28 04:58:26', '2026-06-28 04:58:26');

-- Dumping structure for table tracerstudy.cpl
CREATE TABLE IF NOT EXISTS `cpl` (
  `id` int(10) unsigned NOT NULL AUTO_INCREMENT,
  `kurikulum_id` int(10) unsigned NOT NULL,
  `kode_cpl` varchar(20) NOT NULL,
  `jenis` enum('Sikap','Pengetahuan','Keterampilan_Umum','Keterampilan_Khusus') NOT NULL,
  `deskripsi` text NOT NULL,
  `level` enum('1','2','3','4','5','6','7','8','9') DEFAULT NULL COMMENT 'KKNI Level',
  `target_industri` decimal(3,2) DEFAULT 4.00,
  `created_at` timestamp NULL DEFAULT current_timestamp(),
  PRIMARY KEY (`id`),
  UNIQUE KEY `uk_cpl_kode` (`kurikulum_id`,`kode_cpl`),
  KEY `idx_cpl_jenis` (`jenis`),
  CONSTRAINT `fk_cpl_kurikulum` FOREIGN KEY (`kurikulum_id`) REFERENCES `kurikulum` (`id`) ON DELETE CASCADE ON UPDATE CASCADE
) ENGINE=InnoDB DEFAULT CHARSET=utf8mb4 COLLATE=utf8mb4_unicode_ci;

-- Dumping data for table tracerstudy.cpl: ~0 rows (approximately)

-- Dumping structure for table tracerstudy.cpl_mapping
CREATE TABLE IF NOT EXISTS `cpl_mapping` (
  `id` int(10) unsigned NOT NULL AUTO_INCREMENT,
  `cpl_id` int(10) unsigned NOT NULL,
  `type` enum('SN_DIPTI','KKNI') NOT NULL,
  `code` varchar(50) DEFAULT NULL COMMENT 'Kode SN-Dikti',
  `level` tinyint(4) DEFAULT NULL COMMENT 'Level KKNI (6-9)',
  `description` text DEFAULT NULL,
  `descriptor` text DEFAULT NULL COMMENT 'Deskripsi KKNI',
  `created_at` timestamp NULL DEFAULT current_timestamp(),
  PRIMARY KEY (`id`),
  KEY `fk_cplmap_cpl` (`cpl_id`),
  KEY `idx_cplmap_type` (`type`),
  CONSTRAINT `fk_cplmap_cpl` FOREIGN KEY (`cpl_id`) REFERENCES `cpl` (`id`) ON DELETE CASCADE ON UPDATE CASCADE
) ENGINE=InnoDB DEFAULT CHARSET=utf8mb4 COLLATE=utf8mb4_unicode_ci;

-- Dumping data for table tracerstudy.cpl_mapping: ~0 rows (approximately)

-- Dumping structure for table tracerstudy.download_logs
CREATE TABLE IF NOT EXISTS `download_logs` (
  `id` int(10) unsigned NOT NULL AUTO_INCREMENT,
  `filename` varchar(255) NOT NULL,
  `user_id` int(10) unsigned NOT NULL,
  `ip_address` varchar(45) DEFAULT NULL,
  `downloaded_at` datetime NOT NULL,
  PRIMARY KEY (`id`),
  KEY `idx_download_user` (`user_id`),
  KEY `idx_download_date` (`downloaded_at`)
) ENGINE=InnoDB DEFAULT CHARSET=utf8mb4 COLLATE=utf8mb4_unicode_ci;

-- Dumping data for table tracerstudy.download_logs: ~0 rows (approximately)

-- Dumping structure for table tracerstudy.export_logs
CREATE TABLE IF NOT EXISTS `export_logs` (
  `id` int(10) unsigned NOT NULL AUTO_INCREMENT,
  `kohort_id` int(10) unsigned NOT NULL,
  `prodi_id` int(10) unsigned NOT NULL,
  `filename` varchar(255) NOT NULL,
  `status` enum('generated','sent_to_belmawa','rejected') DEFAULT 'generated',
  `sent_at` datetime DEFAULT NULL,
  `sent_by` int(10) unsigned DEFAULT NULL,
  `belmawa_feedback` text DEFAULT NULL,
  `created_at` datetime NOT NULL,
  PRIMARY KEY (`id`),
  KEY `idx_export_created` (`created_at`)
) ENGINE=InnoDB DEFAULT CHARSET=utf8mb4 COLLATE=utf8mb4_unicode_ci;

-- Dumping data for table tracerstudy.export_logs: ~0 rows (approximately)

-- Dumping structure for table tracerstudy.failed_jobs
CREATE TABLE IF NOT EXISTS `failed_jobs` (
  `id` bigint(20) unsigned NOT NULL AUTO_INCREMENT,
  `job_id` bigint(20) unsigned DEFAULT NULL,
  `queue` varchar(50) NOT NULL,
  `payload` longtext CHARACTER SET utf8mb4 COLLATE utf8mb4_bin NOT NULL CHECK (json_valid(`payload`)),
  `exception` text NOT NULL,
  `failed_at` timestamp NULL DEFAULT current_timestamp(),
  PRIMARY KEY (`id`),
  KEY `fk_failed_job` (`job_id`),
  KEY `idx_failed_at` (`failed_at`),
  CONSTRAINT `fk_failed_job` FOREIGN KEY (`job_id`) REFERENCES `jobs` (`id`) ON DELETE SET NULL ON UPDATE CASCADE
) ENGINE=InnoDB DEFAULT CHARSET=utf8mb4 COLLATE=utf8mb4_unicode_ci;

-- Dumping data for table tracerstudy.failed_jobs: ~0 rows (approximately)

-- Dumping structure for table tracerstudy.fakultas
CREATE TABLE IF NOT EXISTS `fakultas` (
  `id` int(10) unsigned NOT NULL AUTO_INCREMENT,
  `kode` varchar(20) NOT NULL,
  `nama` varchar(100) NOT NULL,
  `dekan` varchar(100) DEFAULT NULL,
  `email` varchar(100) DEFAULT NULL,
  `is_active` tinyint(1) DEFAULT 1,
  `created_at` timestamp NULL DEFAULT current_timestamp(),
  `updated_at` timestamp NULL DEFAULT current_timestamp() ON UPDATE current_timestamp(),
  PRIMARY KEY (`id`),
  UNIQUE KEY `kode` (`kode`)
) ENGINE=InnoDB AUTO_INCREMENT=6 DEFAULT CHARSET=utf8mb4 COLLATE=utf8mb4_unicode_ci;

-- Dumping data for table tracerstudy.fakultas: ~5 rows (approximately)
INSERT INTO `fakultas` (`id`, `kode`, `nama`, `dekan`, `email`, `is_active`, `created_at`, `updated_at`) VALUES
	(1, 'FT', 'Fakultas Teknik', 'Dr. Eng. Ahmad Fauzi', 'dekan@ft.univ.ac.id', 1, '2026-06-28 04:58:26', '2026-06-28 04:58:26'),
	(2, 'FEB', 'Fakultas Ekonomi dan Bisnis', 'Prof. Dr. Siti Aminah, SE., M.Si', 'dekan@feb.univ.ac.id', 1, '2026-06-28 04:58:26', '2026-06-28 04:58:26'),
	(3, 'FISIP', 'Fakultas Ilmu Sosial dan Ilmu Politik', 'Dr. Budi Santoso, M.Si', 'dekan@fisip.univ.ac.id', 1, '2026-06-28 04:58:26', '2026-06-28 04:58:26'),
	(4, 'FKIP', 'Fakultas Keguruan dan Ilmu Pendidikan', 'Prof. Dr. Ratna Dewi, M.Pd', 'dekan@fkip.univ.ac.id', 1, '2026-06-28 04:58:26', '2026-06-28 04:58:26'),
	(5, 'FAPERTA', 'Fakultas Pertanian', 'Dr. Ir. Joko Widodo, M.P', 'dekan@faperta.univ.ac.id', 1, '2026-06-28 04:58:26', '2026-06-28 04:58:26');

-- Dumping structure for table tracerstudy.iku_calculations
CREATE TABLE IF NOT EXISTS `iku_calculations` (
  `id` bigint(20) unsigned NOT NULL AUTO_INCREMENT,
  `prodi_id` int(10) unsigned NOT NULL,
  `kohort_id` int(10) unsigned NOT NULL,
  `tahun_iku` year(4) NOT NULL,
  `iku_number` tinyint(3) unsigned NOT NULL COMMENT '1-8 for IKU indicators',
  `numerator` int(10) unsigned NOT NULL DEFAULT 0,
  `denominator` int(10) unsigned NOT NULL DEFAULT 0,
  `percentage` decimal(5,2) DEFAULT 0.00,
  `target_percentage` decimal(5,2) DEFAULT 0.00,
  `status_capaian` enum('Belum','Tercapai','Melampaui') DEFAULT 'Belum',
  `mapping_data` longtext CHARACTER SET utf8mb4 COLLATE utf8mb4_bin DEFAULT NULL COMMENT 'Mapping alumni IDs used in calculation' CHECK (json_valid(`mapping_data`)),
  `verified_by` int(10) unsigned DEFAULT NULL,
  `verified_at` datetime DEFAULT NULL,
  `created_at` timestamp NULL DEFAULT current_timestamp(),
  `updated_at` timestamp NULL DEFAULT current_timestamp() ON UPDATE current_timestamp(),
  PRIMARY KEY (`id`),
  UNIQUE KEY `uk_iku_unique` (`tahun_iku`,`prodi_id`,`kohort_id`,`iku_number`),
  KEY `fk_iku_prodi` (`prodi_id`),
  KEY `fk_iku_kohort` (`kohort_id`),
  KEY `fk_iku_verifier` (`verified_by`),
  KEY `idx_iku_tahun` (`tahun_iku`),
  KEY `idx_iku_number` (`iku_number`),
  CONSTRAINT `fk_iku_kohort` FOREIGN KEY (`kohort_id`) REFERENCES `kohorts` (`id`) ON DELETE CASCADE ON UPDATE CASCADE,
  CONSTRAINT `fk_iku_prodi` FOREIGN KEY (`prodi_id`) REFERENCES `program_studi` (`id`) ON DELETE CASCADE ON UPDATE CASCADE,
  CONSTRAINT `fk_iku_verifier` FOREIGN KEY (`verified_by`) REFERENCES `users` (`id`) ON DELETE SET NULL ON UPDATE CASCADE
) ENGINE=InnoDB DEFAULT CHARSET=utf8mb4 COLLATE=utf8mb4_unicode_ci;

-- Dumping data for table tracerstudy.iku_calculations: ~0 rows (approximately)

-- Dumping structure for table tracerstudy.jobs
CREATE TABLE IF NOT EXISTS `jobs` (
  `id` bigint(20) unsigned NOT NULL AUTO_INCREMENT,
  `queue` varchar(50) NOT NULL DEFAULT 'default',
  `payload` longtext CHARACTER SET utf8mb4 COLLATE utf8mb4_bin NOT NULL CHECK (json_valid(`payload`)),
  `attempts` tinyint(3) unsigned DEFAULT 0,
  `reserved_at` datetime DEFAULT NULL,
  `available_at` datetime NOT NULL,
  `created_at` timestamp NULL DEFAULT current_timestamp(),
  PRIMARY KEY (`id`),
  KEY `idx_jobs_queue_available` (`queue`,`available_at`),
  KEY `idx_jobs_reserved` (`reserved_at`)
) ENGINE=InnoDB DEFAULT CHARSET=utf8mb4 COLLATE=utf8mb4_unicode_ci;

-- Dumping data for table tracerstudy.jobs: ~0 rows (approximately)

-- Dumping structure for table tracerstudy.kohort
CREATE TABLE IF NOT EXISTS `kohort` (
  `id` int(11) NOT NULL AUTO_INCREMENT,
  `nama` varchar(100) NOT NULL,
  `tahun_mulai` year(4) NOT NULL,
  `tahun_selesai` year(4) NOT NULL,
  `status` enum('aktif','tidak_aktif') DEFAULT 'aktif',
  `created_at` timestamp NOT NULL DEFAULT current_timestamp(),
  `updated_at` timestamp NOT NULL DEFAULT current_timestamp() ON UPDATE current_timestamp(),
  PRIMARY KEY (`id`)
) ENGINE=InnoDB AUTO_INCREMENT=6 DEFAULT CHARSET=utf8mb4 COLLATE=utf8mb4_unicode_ci;

-- Dumping data for table tracerstudy.kohort: ~5 rows (approximately)
INSERT INTO `kohort` (`id`, `nama`, `tahun_mulai`, `tahun_selesai`, `status`, `created_at`, `updated_at`) VALUES
	(1, 'Kohort 2020', '2020', '2024', 'aktif', '2026-06-29 12:00:55', '2026-06-29 12:00:55'),
	(2, 'Kohort 2021', '2021', '2025', 'aktif', '2026-06-29 12:00:55', '2026-06-29 12:00:55'),
	(3, 'Kohort 2022', '2022', '2026', 'aktif', '2026-06-29 12:00:55', '2026-06-29 12:00:55'),
	(4, 'Kohort 2019', '2019', '2023', 'tidak_aktif', '2026-06-29 12:00:55', '2026-06-29 12:00:55'),
	(5, 'Kohort 2018', '2018', '2022', 'tidak_aktif', '2026-06-29 12:00:55', '2026-06-29 12:00:55');

-- Dumping structure for table tracerstudy.kohorts
CREATE TABLE IF NOT EXISTS `kohorts` (
  `id` int(10) unsigned NOT NULL AUTO_INCREMENT,
  `prodi_id` int(10) unsigned NOT NULL,
  `tahun_masuk` year(4) NOT NULL,
  `tahun_lulus` year(4) NOT NULL,
  `nama_kohort` varchar(50) NOT NULL,
  `jumlah_mahasiswa` int(10) unsigned DEFAULT 0,
  `is_active` tinyint(1) DEFAULT 1,
  `created_at` timestamp NULL DEFAULT current_timestamp(),
  `updated_at` timestamp NULL DEFAULT current_timestamp() ON UPDATE current_timestamp(),
  PRIMARY KEY (`id`),
  UNIQUE KEY `uk_kohort_prodi_tahun` (`prodi_id`,`tahun_masuk`,`tahun_lulus`),
  KEY `idx_kohort_tahun` (`tahun_lulus`),
  CONSTRAINT `fk_kohort_prodi` FOREIGN KEY (`prodi_id`) REFERENCES `program_studi` (`id`) ON DELETE CASCADE ON UPDATE CASCADE
) ENGINE=InnoDB AUTO_INCREMENT=5 DEFAULT CHARSET=utf8mb4 COLLATE=utf8mb4_unicode_ci;

-- Dumping data for table tracerstudy.kohorts: ~4 rows (approximately)
INSERT INTO `kohorts` (`id`, `prodi_id`, `tahun_masuk`, `tahun_lulus`, `nama_kohort`, `jumlah_mahasiswa`, `is_active`, `created_at`, `updated_at`) VALUES
	(1, 1, '2018', '2022', 'Angkatan 2018', 120, 1, '2026-06-29 20:38:47', '2026-06-29 20:38:47'),
	(2, 4, '2019', '2023', 'Angkatan 2019', 95, 1, '2026-06-29 20:38:47', '2026-06-29 20:38:47'),
	(3, 1, '2017', '2021', 'Angkatan 2017', 110, 1, '2026-06-29 20:38:47', '2026-06-29 20:38:47'),
	(4, 5, '2020', '2024', 'Angkatan 2020', 100, 1, '2026-06-29 20:38:47', '2026-06-29 20:38:47');

-- Dumping structure for table tracerstudy.kurikulum
CREATE TABLE IF NOT EXISTS `kurikulum` (
  `id` int(10) unsigned NOT NULL AUTO_INCREMENT,
  `prodi_id` int(10) unsigned NOT NULL,
  `tahun_mulai` year(4) NOT NULL,
  `tahun_selesai` year(4) DEFAULT NULL,
  `nama_kurikulum` varchar(100) NOT NULL,
  `deskripsi` text DEFAULT NULL,
  `total_sks` int(10) unsigned NOT NULL,
  `is_active` tinyint(1) DEFAULT 1,
  `created_at` timestamp NULL DEFAULT current_timestamp(),
  `updated_at` timestamp NULL DEFAULT current_timestamp() ON UPDATE current_timestamp(),
  PRIMARY KEY (`id`),
  UNIQUE KEY `uk_kurikulum_prodi_tahun` (`prodi_id`,`tahun_mulai`),
  CONSTRAINT `fk_kurikulum_prodi` FOREIGN KEY (`prodi_id`) REFERENCES `program_studi` (`id`) ON DELETE CASCADE ON UPDATE CASCADE
) ENGINE=InnoDB DEFAULT CHARSET=utf8mb4 COLLATE=utf8mb4_unicode_ci;

-- Dumping data for table tracerstudy.kurikulum: ~0 rows (approximately)

-- Dumping structure for table tracerstudy.kurikulum_mata_kuliah
CREATE TABLE IF NOT EXISTS `kurikulum_mata_kuliah` (
  `id` int(10) unsigned NOT NULL AUTO_INCREMENT,
  `prodi_id` int(10) unsigned NOT NULL,
  `tahun_kurikulum` year(4) NOT NULL,
  `semester` tinyint(4) NOT NULL,
  `kode_mk` varchar(20) NOT NULL,
  `nama_mk` varchar(255) NOT NULL,
  `sks` tinyint(4) NOT NULL,
  `jenis` enum('wajib','pilihan','lintas_minat') DEFAULT 'wajib',
  `cpl_related` longtext CHARACTER SET utf8mb4 COLLATE utf8mb4_bin DEFAULT NULL COMMENT 'Array kode CPL yang terkait' CHECK (json_valid(`cpl_related`)),
  `created_at` timestamp NULL DEFAULT current_timestamp(),
  `updated_at` timestamp NULL DEFAULT current_timestamp() ON UPDATE current_timestamp(),
  PRIMARY KEY (`id`),
  KEY `idx_mk_prodi_tahun` (`prodi_id`,`tahun_kurikulum`),
  KEY `idx_mk_semester` (`semester`)
) ENGINE=InnoDB DEFAULT CHARSET=utf8mb4 COLLATE=utf8mb4_unicode_ci;

-- Dumping data for table tracerstudy.kurikulum_mata_kuliah: ~0 rows (approximately)

-- Dumping structure for table tracerstudy.login_attempts
CREATE TABLE IF NOT EXISTS `login_attempts` (
  `id` bigint(20) unsigned NOT NULL AUTO_INCREMENT,
  `ip_address` varbinary(16) NOT NULL,
  `login_type` enum('email','username') NOT NULL,
  `login_identifier` varchar(100) NOT NULL,
  `user_agent` varchar(255) DEFAULT NULL,
  `attempted_at` timestamp NULL DEFAULT current_timestamp(),
  PRIMARY KEY (`id`),
  KEY `idx_login_ip_time` (`ip_address`,`attempted_at`),
  KEY `idx_login_identifier` (`login_identifier`)
) ENGINE=InnoDB AUTO_INCREMENT=19 DEFAULT CHARSET=utf8mb4 COLLATE=utf8mb4_unicode_ci;

-- Dumping data for table tracerstudy.login_attempts: ~3 rows (approximately)
INSERT INTO `login_attempts` (`id`, `ip_address`, `login_type`, `login_identifier`, `user_agent`, `attempted_at`) VALUES
	(14, _binary 0x3132372e302e302e31, 'username', 'admin_pusat_karir', 'Mozilla/5.0 (Windows NT 10.0; Win64; x64; rv:150.0) Gecko/20100101 Firefox/150.0', '2026-07-01 01:18:13'),
	(15, _binary 0x3132372e302e302e31, 'username', 'admin_prodi', 'Mozilla/5.0 (Windows NT 10.0; Win64; x64; rv:150.0) Gecko/20100101 Firefox/150.0', '2026-07-01 01:24:19'),
	(16, _binary 0x3132372e302e302e31, 'username', 'admin_ti', 'Mozilla/5.0 (Windows NT 10.0; Win64; x64; rv:150.0) Gecko/20100101 Firefox/150.0', '2026-07-01 01:24:47'),
	(17, _binary 0x3132372e302e302e31, 'username', 'admin_ti', 'Mozilla/5.0 (Windows NT 10.0; Win64; x64; rv:150.0) Gecko/20100101 Firefox/150.0', '2026-07-01 05:35:31'),
	(18, _binary 0x3132372e302e302e31, 'username', 'admin_ti', 'Mozilla/5.0 (Windows NT 10.0; Win64; x64; rv:150.0) Gecko/20100101 Firefox/150.0', '2026-07-01 06:19:05');

-- Dumping structure for table tracerstudy.notifications
CREATE TABLE IF NOT EXISTS `notifications` (
  `id` bigint(20) unsigned NOT NULL AUTO_INCREMENT,
  `user_id` int(10) unsigned NOT NULL,
  `type` enum('info','warning','success','error','survey_invite','verification') NOT NULL,
  `title` varchar(200) NOT NULL,
  `message` text NOT NULL,
  `link` varchar(255) DEFAULT NULL,
  `is_read` tinyint(1) DEFAULT 0,
  `read_at` datetime DEFAULT NULL,
  `scheduled_at` datetime DEFAULT NULL,
  `sent_at` datetime DEFAULT NULL,
  `created_at` timestamp NULL DEFAULT current_timestamp(),
  PRIMARY KEY (`id`),
  KEY `idx_notif_user_read` (`user_id`,`is_read`),
  KEY `idx_notif_scheduled` (`scheduled_at`),
  CONSTRAINT `fk_notif_user` FOREIGN KEY (`user_id`) REFERENCES `users` (`id`) ON DELETE CASCADE ON UPDATE CASCADE
) ENGINE=InnoDB DEFAULT CHARSET=utf8mb4 COLLATE=utf8mb4_unicode_ci;

-- Dumping data for table tracerstudy.notifications: ~0 rows (approximately)

-- Dumping structure for table tracerstudy.notification_queue
CREATE TABLE IF NOT EXISTS `notification_queue` (
  `id` bigint(20) unsigned NOT NULL AUTO_INCREMENT,
  `user_id` int(10) unsigned DEFAULT NULL,
  `recipient` varchar(255) NOT NULL,
  `channel` enum('email','whatsapp','telegram') NOT NULL,
  `type` varchar(50) NOT NULL,
  `subject` varchar(255) DEFAULT NULL,
  `message` text NOT NULL,
  `attachment_path` varchar(255) DEFAULT NULL,
  `status` enum('pending','sent','failed','retry') DEFAULT 'pending',
  `retry_count` int(11) DEFAULT 0,
  `max_retry` int(11) DEFAULT 3,
  `scheduled_at` datetime DEFAULT NULL,
  `sent_at` datetime DEFAULT NULL,
  `error_message` text DEFAULT NULL,
  `created_at` timestamp NULL DEFAULT current_timestamp(),
  PRIMARY KEY (`id`),
  KEY `idx_queue_status` (`status`),
  KEY `idx_queue_scheduled` (`scheduled_at`)
) ENGINE=InnoDB DEFAULT CHARSET=utf8mb4 COLLATE=utf8mb4_unicode_ci;

-- Dumping data for table tracerstudy.notification_queue: ~0 rows (approximately)

-- Dumping structure for table tracerstudy.notification_settings
CREATE TABLE IF NOT EXISTS `notification_settings` (
  `id` int(10) unsigned NOT NULL AUTO_INCREMENT,
  `user_id` int(10) unsigned NOT NULL,
  `channel_email` tinyint(1) DEFAULT 1,
  `channel_whatsapp` tinyint(1) DEFAULT 0,
  `channel_telegram` tinyint(1) DEFAULT 0,
  `reminder_survey` tinyint(1) DEFAULT 1,
  `reminder_verifikasi` tinyint(1) DEFAULT 1,
  `alert_iku` tinyint(1) DEFAULT 1,
  `created_at` timestamp NULL DEFAULT current_timestamp(),
  `updated_at` timestamp NULL DEFAULT current_timestamp() ON UPDATE current_timestamp(),
  PRIMARY KEY (`id`),
  UNIQUE KEY `uk_notifset_user` (`user_id`),
  CONSTRAINT `fk_notifset_user` FOREIGN KEY (`user_id`) REFERENCES `users` (`id`) ON DELETE CASCADE ON UPDATE CASCADE
) ENGINE=InnoDB DEFAULT CHARSET=utf8mb4 COLLATE=utf8mb4_unicode_ci;

-- Dumping data for table tracerstudy.notification_settings: ~0 rows (approximately)

-- Dumping structure for table tracerstudy.prodi
CREATE TABLE IF NOT EXISTS `prodi` (
  `id` int(11) NOT NULL AUTO_INCREMENT,
  `kode` varchar(20) NOT NULL,
  `nama` varchar(200) NOT NULL,
  `jenjang` enum('D3','D4','S1','S2','S3') DEFAULT 'S1',
  `fakultas` varchar(100) DEFAULT NULL,
  `status` enum('aktif','nonaktif') DEFAULT 'aktif',
  `created_at` timestamp NOT NULL DEFAULT current_timestamp(),
  `updated_at` timestamp NOT NULL DEFAULT current_timestamp() ON UPDATE current_timestamp(),
  PRIMARY KEY (`id`),
  UNIQUE KEY `unique_kode` (`kode`)
) ENGINE=InnoDB AUTO_INCREMENT=6 DEFAULT CHARSET=utf8mb4 COLLATE=utf8mb4_unicode_ci;

-- Dumping data for table tracerstudy.prodi: ~5 rows (approximately)
INSERT INTO `prodi` (`id`, `kode`, `nama`, `jenjang`, `fakultas`, `status`, `created_at`, `updated_at`) VALUES
	(1, 'TI', 'Teknik Informatika', 'S1', 'Fakultas Teknik', 'aktif', '2026-06-29 12:00:55', '2026-06-29 12:00:55'),
	(2, 'SI', 'Sistem Informasi', 'S1', 'Fakultas Teknik', 'aktif', '2026-06-29 12:00:55', '2026-06-29 12:00:55'),
	(3, 'TK', 'Teknik Kimia', 'S1', 'Fakultas Teknik', 'aktif', '2026-06-29 12:00:55', '2026-06-29 12:00:55'),
	(4, 'MN', 'Manajemen', 'S1', 'Fakultas Ekonomi', 'aktif', '2026-06-29 12:00:55', '2026-06-29 12:00:55'),
	(5, 'AK', 'Akuntansi', 'S1', 'Fakultas Ekonomi', 'aktif', '2026-06-29 12:00:55', '2026-06-29 12:00:55');

-- Dumping structure for table tracerstudy.program_studi
CREATE TABLE IF NOT EXISTS `program_studi` (
  `id` int(10) unsigned NOT NULL AUTO_INCREMENT,
  `fakultas_id` int(10) unsigned NOT NULL,
  `kode` varchar(20) NOT NULL,
  `nama` varchar(150) NOT NULL,
  `jenjang` enum('D3','D4','S1','S2','S3') NOT NULL,
  `akreditasi` enum('A','B','C','Unggul','Baik Sekali','Baik','Tidak Terakreditasi') DEFAULT NULL,
  `tahun_akreditasi` year(4) DEFAULT NULL,
  `ketua_prodi` varchar(100) DEFAULT NULL,
  `email` varchar(100) DEFAULT NULL,
  `website` varchar(255) DEFAULT NULL,
  `is_active` tinyint(1) DEFAULT 1,
  `created_at` timestamp NULL DEFAULT current_timestamp(),
  `updated_at` timestamp NULL DEFAULT current_timestamp() ON UPDATE current_timestamp(),
  PRIMARY KEY (`id`),
  UNIQUE KEY `uk_prodi_kode` (`kode`,`jenjang`),
  KEY `idx_prodi_fakultas` (`fakultas_id`),
  KEY `idx_prodi_jenjang` (`jenjang`),
  CONSTRAINT `fk_prodi_fakultas` FOREIGN KEY (`fakultas_id`) REFERENCES `fakultas` (`id`) ON DELETE CASCADE ON UPDATE CASCADE
) ENGINE=InnoDB AUTO_INCREMENT=10 DEFAULT CHARSET=utf8mb4 COLLATE=utf8mb4_unicode_ci;

-- Dumping data for table tracerstudy.program_studi: ~9 rows (approximately)
INSERT INTO `program_studi` (`id`, `fakultas_id`, `kode`, `nama`, `jenjang`, `akreditasi`, `tahun_akreditasi`, `ketua_prodi`, `email`, `website`, `is_active`, `created_at`, `updated_at`) VALUES
	(1, 1, 'TI', 'Teknik Informatika', 'S1', 'Unggul', '2023', 'Dr. Rina Kusuma, M.Kom', 'prodi@ti.univ.ac.id', NULL, 1, '2026-06-28 04:58:26', '2026-06-28 04:58:26'),
	(2, 1, 'TE', 'Teknik Elektro', 'S1', 'A', '2022', 'Dr. Agus Setiawan, M.T', 'prodi@te.univ.ac.id', NULL, 1, '2026-06-28 04:58:26', '2026-06-28 04:58:26'),
	(3, 1, 'TM', 'Teknik Mesin', 'S1', 'A', '2022', 'Dr. Ir. Bambang Wijaya, M.T', 'prodi@tm.univ.ac.id', NULL, 1, '2026-06-28 04:58:26', '2026-06-28 04:58:26'),
	(4, 2, 'AK', 'Akuntansi', 'S1', 'Unggul', '2023', 'Prof. Dr. Linda Hartati, Ak., M.Si', 'prodi@ak.univ.ac.id', NULL, 1, '2026-06-28 04:58:26', '2026-06-28 04:58:26'),
	(5, 2, 'MN', 'Manajemen', 'S1', 'A', '2022', 'Dr. Eko Prasetyo, SE., M.M', 'prodi@mn.univ.ac.id', NULL, 1, '2026-06-28 04:58:26', '2026-06-28 04:58:26'),
	(6, 3, 'ILKOM', 'Ilmu Komunikasi', 'S1', 'A', '2022', 'Dr. Maya Sari, M.Ikom', 'prodi@ilkom.univ.ac.id', NULL, 1, '2026-06-28 04:58:26', '2026-06-28 04:58:26'),
	(7, 3, 'HI', 'Hubungan Internasional', 'S1', 'B', '2021', 'Dr. Andi Pratama, M.Si', 'prodi@hi.univ.ac.id', NULL, 1, '2026-06-28 04:58:26', '2026-06-28 04:58:26'),
	(8, 4, 'PGSD', 'Pendidikan Guru Sekolah Dasar', 'S1', 'Unggul', '2023', 'Prof. Dr. Sri Wahyuni, M.Pd', 'prodi@pgsd.univ.ac.id', NULL, 1, '2026-06-28 04:58:26', '2026-06-28 04:58:26'),
	(9, 5, 'AGRO', 'Agroteknologi', 'S1', 'A', '2022', 'Dr. Ir. Hadi Purnomo, M.P', 'prodi@agro.univ.ac.id', NULL, 1, '2026-06-28 04:58:26', '2026-06-28 04:58:26');

-- Dumping structure for table tracerstudy.stakeholders
CREATE TABLE IF NOT EXISTS `stakeholders` (
  `id` int(10) unsigned NOT NULL AUTO_INCREMENT,
  `user_id` int(10) unsigned DEFAULT NULL,
  `nama_instansi` varchar(200) NOT NULL,
  `jenis_instansi` enum('Pemerintahan','Swasta','BUMN','BUMD','LSM','Internasional','Startup','Wirausaha') NOT NULL,
  `bidang_usaha` varchar(100) DEFAULT NULL,
  `alamat` text DEFAULT NULL,
  `provinsi` varchar(100) DEFAULT NULL,
  `kota` varchar(100) DEFAULT NULL,
  `website` varchar(255) DEFAULT NULL,
  `namakontak_pic` varchar(100) DEFAULT NULL,
  `jabatan_pic` varchar(100) DEFAULT NULL,
  `email_pic` varchar(100) DEFAULT NULL,
  `no_hp_pic` varchar(20) DEFAULT NULL,
  `is_verified` tinyint(1) DEFAULT 0,
  `rating_reputasi` tinyint(3) unsigned DEFAULT NULL COMMENT '1-5 star rating',
  `created_at` timestamp NULL DEFAULT current_timestamp(),
  `updated_at` timestamp NULL DEFAULT current_timestamp() ON UPDATE current_timestamp(),
  PRIMARY KEY (`id`),
  KEY `fk_stakeholder_user` (`user_id`),
  KEY `idx_stakeholder_jenis` (`jenis_instansi`),
  KEY `idx_stakeholder_provinsi` (`provinsi`),
  CONSTRAINT `fk_stakeholder_user` FOREIGN KEY (`user_id`) REFERENCES `users` (`id`) ON DELETE SET NULL ON UPDATE CASCADE
) ENGINE=InnoDB DEFAULT CHARSET=utf8mb4 COLLATE=utf8mb4_unicode_ci;

-- Dumping data for table tracerstudy.stakeholders: ~0 rows (approximately)

-- Dumping structure for table tracerstudy.stakeholder_surveys
CREATE TABLE IF NOT EXISTS `stakeholder_surveys` (
  `id` int(10) unsigned NOT NULL AUTO_INCREMENT,
  `stakeholder_id` int(10) unsigned NOT NULL,
  `alumni_id` int(10) unsigned NOT NULL,
  `survey_id` int(10) unsigned NOT NULL,
  `response_id` bigint(20) unsigned DEFAULT NULL,
  `tanggal_penilaian` date NOT NULL,
  `masa_kerja_bulan` int(10) unsigned DEFAULT NULL,
  `status_pekerjaan` enum('Tetap','Kontrak','Freelance','Magang') DEFAULT NULL,
  `created_at` timestamp NULL DEFAULT current_timestamp(),
  PRIMARY KEY (`id`),
  UNIQUE KEY `uk_ss_unique` (`stakeholder_id`,`alumni_id`,`survey_id`),
  KEY `fk_ss_alumni` (`alumni_id`),
  KEY `fk_ss_survey` (`survey_id`),
  KEY `fk_ss_response` (`response_id`),
  CONSTRAINT `fk_ss_alumni` FOREIGN KEY (`alumni_id`) REFERENCES `alumni` (`id`) ON DELETE CASCADE ON UPDATE CASCADE,
  CONSTRAINT `fk_ss_response` FOREIGN KEY (`response_id`) REFERENCES `survey_responses` (`id`) ON DELETE SET NULL ON UPDATE CASCADE,
  CONSTRAINT `fk_ss_stakeholder` FOREIGN KEY (`stakeholder_id`) REFERENCES `stakeholders` (`id`) ON DELETE CASCADE ON UPDATE CASCADE,
  CONSTRAINT `fk_ss_survey` FOREIGN KEY (`survey_id`) REFERENCES `surveys` (`id`) ON DELETE CASCADE ON UPDATE CASCADE
) ENGINE=InnoDB DEFAULT CHARSET=utf8mb4 COLLATE=utf8mb4_unicode_ci;

-- Dumping data for table tracerstudy.stakeholder_surveys: ~0 rows (approximately)

-- Dumping structure for table tracerstudy.surveys
CREATE TABLE IF NOT EXISTS `surveys` (
  `id` int(10) unsigned NOT NULL AUTO_INCREMENT,
  `title` varchar(200) NOT NULL,
  `status` enum('draft','active','closed') NOT NULL DEFAULT 'draft',
  `description` text DEFAULT NULL,
  `type` enum('tracer_study','stakeholder','iku_data','custom') NOT NULL DEFAULT 'tracer_study',
  `prodi_id` int(10) unsigned DEFAULT NULL,
  `tahun_periode` year(4) NOT NULL,
  `start_date` datetime NOT NULL,
  `end_date` datetime NOT NULL,
  `is_active` tinyint(1) DEFAULT 0,
  `allow_multiple_responses` tinyint(1) DEFAULT 0,
  `require_auth` tinyint(1) DEFAULT 1,
  `show_progress_bar` tinyint(1) DEFAULT 1,
  `thank_you_message` text DEFAULT NULL,
  `created_by` int(10) unsigned NOT NULL,
  `created_at` timestamp NULL DEFAULT current_timestamp(),
  `updated_at` timestamp NULL DEFAULT current_timestamp() ON UPDATE current_timestamp(),
  PRIMARY KEY (`id`),
  KEY `fk_survey_prodi` (`prodi_id`),
  KEY `fk_survey_creator` (`created_by`),
  KEY `idx_survey_type` (`type`),
  KEY `idx_survey_period` (`tahun_periode`),
  KEY `idx_survey_active` (`is_active`,`start_date`,`end_date`),
  CONSTRAINT `fk_survey_creator` FOREIGN KEY (`created_by`) REFERENCES `users` (`id`) ON UPDATE CASCADE,
  CONSTRAINT `fk_survey_prodi` FOREIGN KEY (`prodi_id`) REFERENCES `program_studi` (`id`) ON DELETE SET NULL ON UPDATE CASCADE
) ENGINE=InnoDB DEFAULT CHARSET=utf8mb4 COLLATE=utf8mb4_unicode_ci;

-- Dumping data for table tracerstudy.surveys: ~0 rows (approximately)

-- Dumping structure for table tracerstudy.survey_answers
CREATE TABLE IF NOT EXISTS `survey_answers` (
  `id` bigint(20) unsigned NOT NULL AUTO_INCREMENT,
  `response_id` bigint(20) unsigned NOT NULL,
  `question_id` int(10) unsigned NOT NULL,
  `answer_value` text DEFAULT NULL COMMENT 'Text/Number/Date answer',
  `answer_array` longtext CHARACTER SET utf8mb4 COLLATE utf8mb4_bin DEFAULT NULL COMMENT 'Array answers for checkbox/matrix' CHECK (json_valid(`answer_array`)),
  `file_path` varchar(255) DEFAULT NULL COMMENT 'Uploaded file path',
  `answered_at` timestamp NULL DEFAULT current_timestamp(),
  PRIMARY KEY (`id`),
  KEY `idx_answer_response` (`response_id`),
  KEY `idx_answer_question` (`question_id`),
  CONSTRAINT `fk_answer_question` FOREIGN KEY (`question_id`) REFERENCES `survey_questions` (`id`) ON DELETE CASCADE ON UPDATE CASCADE,
  CONSTRAINT `fk_answer_response` FOREIGN KEY (`response_id`) REFERENCES `survey_responses` (`id`) ON DELETE CASCADE ON UPDATE CASCADE
) ENGINE=InnoDB DEFAULT CHARSET=utf8mb4 COLLATE=utf8mb4_unicode_ci;

-- Dumping data for table tracerstudy.survey_answers: ~0 rows (approximately)

-- Dumping structure for table tracerstudy.survey_logic
CREATE TABLE IF NOT EXISTS `survey_logic` (
  `id` int(10) unsigned NOT NULL AUTO_INCREMENT,
  `question_id` int(10) unsigned NOT NULL,
  `condition_field` varchar(50) NOT NULL COMMENT 'Field to check (e.g., answer_value)',
  `condition_operator` enum('equals','not_equals','contains','greater_than','less_than','in_array') NOT NULL,
  `condition_value` varchar(255) NOT NULL COMMENT 'Value to compare',
  `target_question_id` int(10) unsigned NOT NULL COMMENT 'Jump to this question',
  `logic_type` enum('skip_to','display_if','hide_if') NOT NULL DEFAULT 'skip_to',
  `order` int(10) unsigned DEFAULT 0,
  PRIMARY KEY (`id`),
  KEY `fk_logic_target` (`target_question_id`),
  KEY `idx_logic_question` (`question_id`),
  CONSTRAINT `fk_logic_question` FOREIGN KEY (`question_id`) REFERENCES `survey_questions` (`id`) ON DELETE CASCADE ON UPDATE CASCADE,
  CONSTRAINT `fk_logic_target` FOREIGN KEY (`target_question_id`) REFERENCES `survey_questions` (`id`) ON DELETE CASCADE ON UPDATE CASCADE
) ENGINE=InnoDB DEFAULT CHARSET=utf8mb4 COLLATE=utf8mb4_unicode_ci;

-- Dumping data for table tracerstudy.survey_logic: ~0 rows (approximately)

-- Dumping structure for table tracerstudy.survey_progress
CREATE TABLE IF NOT EXISTS `survey_progress` (
  `id` int(10) unsigned NOT NULL AUTO_INCREMENT,
  `survey_id` int(10) unsigned NOT NULL,
  `alumni_id` int(10) unsigned NOT NULL,
  `answers` text NOT NULL COMMENT 'JSON encoded answers',
  `current_question_id` int(10) unsigned DEFAULT NULL COMMENT 'Last active question',
  `progress_percent` tinyint(3) unsigned NOT NULL DEFAULT 0,
  `created_at` datetime NOT NULL,
  `updated_at` datetime NOT NULL,
  PRIMARY KEY (`id`),
  UNIQUE KEY `uk_progress_survey_alumni` (`survey_id`,`alumni_id`),
  KEY `fk_progress_alumni` (`alumni_id`),
  KEY `idx_progress_updated` (`updated_at`),
  CONSTRAINT `fk_progress_alumni` FOREIGN KEY (`alumni_id`) REFERENCES `alumni` (`id`) ON DELETE CASCADE ON UPDATE CASCADE,
  CONSTRAINT `fk_progress_survey` FOREIGN KEY (`survey_id`) REFERENCES `surveys` (`id`) ON DELETE CASCADE ON UPDATE CASCADE
) ENGINE=InnoDB DEFAULT CHARSET=utf8mb4 COLLATE=utf8mb4_unicode_ci;

-- Dumping data for table tracerstudy.survey_progress: ~0 rows (approximately)

-- Dumping structure for table tracerstudy.survey_questions
CREATE TABLE IF NOT EXISTS `survey_questions` (
  `id` int(10) unsigned NOT NULL AUTO_INCREMENT,
  `survey_id` int(10) unsigned NOT NULL,
  `section_id` int(10) unsigned DEFAULT NULL,
  `parent_question_id` int(10) unsigned DEFAULT NULL COMMENT 'For matrix/sub-questions',
  `code` varchar(50) DEFAULT NULL COMMENT 'Question code e.g. A1, B2',
  `question_text` text NOT NULL,
  `question_type` enum('text','textarea','number','date','radio','checkbox','dropdown','matrix','file','scale_likert') NOT NULL,
  `options` longtext CHARACTER SET utf8mb4 COLLATE utf8mb4_bin DEFAULT NULL COMMENT 'Options for radio/checkbox/dropdown' CHECK (json_valid(`options`)),
  `is_required` tinyint(1) DEFAULT 0,
  `is_belma_inti` tinyint(1) DEFAULT 0 COMMENT 'Flag for BELMA core questions',
  `order` int(10) unsigned NOT NULL DEFAULT 0,
  `validation_rule` varchar(255) DEFAULT NULL,
  `help_text` text DEFAULT NULL,
  `placeholder` varchar(255) DEFAULT NULL,
  `created_at` timestamp NULL DEFAULT current_timestamp(),
  PRIMARY KEY (`id`),
  KEY `fk_question_parent` (`parent_question_id`),
  KEY `idx_question_survey` (`survey_id`),
  KEY `idx_question_section` (`section_id`),
  KEY `idx_question_belma` (`is_belma_inti`),
  CONSTRAINT `fk_question_parent` FOREIGN KEY (`parent_question_id`) REFERENCES `survey_questions` (`id`) ON DELETE CASCADE ON UPDATE CASCADE,
  CONSTRAINT `fk_question_section` FOREIGN KEY (`section_id`) REFERENCES `survey_sections` (`id`) ON DELETE SET NULL ON UPDATE CASCADE,
  CONSTRAINT `fk_question_survey` FOREIGN KEY (`survey_id`) REFERENCES `surveys` (`id`) ON DELETE CASCADE ON UPDATE CASCADE
) ENGINE=InnoDB DEFAULT CHARSET=utf8mb4 COLLATE=utf8mb4_unicode_ci;

-- Dumping data for table tracerstudy.survey_questions: ~0 rows (approximately)

-- Dumping structure for table tracerstudy.survey_responses
CREATE TABLE IF NOT EXISTS `survey_responses` (
  `id` bigint(20) unsigned NOT NULL AUTO_INCREMENT,
  `survey_id` int(10) unsigned NOT NULL,
  `alumni_id` int(10) unsigned DEFAULT NULL,
  `user_id` int(10) unsigned DEFAULT NULL,
  `stakeholder_id` int(10) unsigned DEFAULT NULL,
  `response_token` varchar(64) NOT NULL COMMENT 'Public token for anonymous access',
  `ip_address` varbinary(16) DEFAULT NULL,
  `user_agent` varchar(255) DEFAULT NULL,
  `started_at` datetime DEFAULT NULL,
  `submitted_at` datetime DEFAULT NULL,
  `status` enum('draft','submitted','partial') NOT NULL DEFAULT 'draft',
  `completion_percentage` decimal(5,2) DEFAULT 0.00,
  `device_info` longtext CHARACTER SET utf8mb4 COLLATE utf8mb4_bin DEFAULT NULL CHECK (json_valid(`device_info`)),
  `created_at` timestamp NULL DEFAULT current_timestamp(),
  `updated_at` timestamp NULL DEFAULT current_timestamp() ON UPDATE current_timestamp(),
  PRIMARY KEY (`id`),
  UNIQUE KEY `response_token` (`response_token`),
  UNIQUE KEY `uk_response_survey_alumni` (`survey_id`,`alumni_id`),
  KEY `fk_response_alumni` (`alumni_id`),
  KEY `fk_response_user` (`user_id`),
  KEY `idx_response_token` (`response_token`),
  KEY `idx_response_status` (`status`),
  KEY `idx_response_submitted` (`submitted_at`),
  CONSTRAINT `fk_response_alumni` FOREIGN KEY (`alumni_id`) REFERENCES `alumni` (`id`) ON DELETE CASCADE ON UPDATE CASCADE,
  CONSTRAINT `fk_response_survey` FOREIGN KEY (`survey_id`) REFERENCES `surveys` (`id`) ON DELETE CASCADE ON UPDATE CASCADE,
  CONSTRAINT `fk_response_user` FOREIGN KEY (`user_id`) REFERENCES `users` (`id`) ON DELETE SET NULL ON UPDATE CASCADE
) ENGINE=InnoDB DEFAULT CHARSET=utf8mb4 COLLATE=utf8mb4_unicode_ci;

-- Dumping data for table tracerstudy.survey_responses: ~0 rows (approximately)

-- Dumping structure for table tracerstudy.survey_sections
CREATE TABLE IF NOT EXISTS `survey_sections` (
  `id` int(10) unsigned NOT NULL AUTO_INCREMENT,
  `survey_id` int(10) unsigned NOT NULL,
  `title` varchar(200) NOT NULL,
  `description` text DEFAULT NULL,
  `order` int(10) unsigned NOT NULL DEFAULT 0,
  `is_required` tinyint(1) DEFAULT 0,
  `created_at` timestamp NULL DEFAULT current_timestamp(),
  PRIMARY KEY (`id`),
  KEY `idx_section_order` (`survey_id`,`order`),
  CONSTRAINT `fk_section_survey` FOREIGN KEY (`survey_id`) REFERENCES `surveys` (`id`) ON DELETE CASCADE ON UPDATE CASCADE
) ENGINE=InnoDB DEFAULT CHARSET=utf8mb4 COLLATE=utf8mb4_unicode_ci;

-- Dumping data for table tracerstudy.survey_sections: ~0 rows (approximately)

-- Dumping structure for table tracerstudy.survey_targets
CREATE TABLE IF NOT EXISTS `survey_targets` (
  `id` int(11) NOT NULL AUTO_INCREMENT,
  `survey_id` int(11) NOT NULL,
  `prodi_id` int(11) NOT NULL,
  `target_count` int(11) DEFAULT 0,
  `created_at` datetime DEFAULT current_timestamp(),
  `updated_at` datetime DEFAULT current_timestamp() ON UPDATE current_timestamp(),
  PRIMARY KEY (`id`),
  KEY `survey_id` (`survey_id`),
  KEY `prodi_id` (`prodi_id`)
) ENGINE=InnoDB DEFAULT CHARSET=utf8mb4 COLLATE=utf8mb4_general_ci;

-- Dumping data for table tracerstudy.survey_targets: ~0 rows (approximately)

-- Dumping structure for table tracerstudy.sync_jobs
CREATE TABLE IF NOT EXISTS `sync_jobs` (
  `id` int(10) unsigned NOT NULL AUTO_INCREMENT,
  `type` varchar(50) NOT NULL COMMENT 'Job type: pddikti, import, export',
  `status` enum('pending','queued','processing','success','partial','failed','cancelled') NOT NULL DEFAULT 'pending',
  `payload` text NOT NULL COMMENT 'JSON encoded job parameters',
  `result` text DEFAULT NULL COMMENT 'JSON encoded job result',
  `retry_count` tinyint(3) unsigned NOT NULL DEFAULT 0,
  `created_at` datetime NOT NULL,
  `started_at` datetime DEFAULT NULL,
  `completed_at` datetime DEFAULT NULL,
  `updated_at` datetime NOT NULL,
  PRIMARY KEY (`id`),
  KEY `idx_sync_type` (`type`),
  KEY `idx_sync_status` (`status`)
) ENGINE=InnoDB DEFAULT CHARSET=utf8mb4 COLLATE=utf8mb4_unicode_ci;

-- Dumping data for table tracerstudy.sync_jobs: ~0 rows (approximately)

-- Dumping structure for table tracerstudy.sync_logs
CREATE TABLE IF NOT EXISTS `sync_logs` (
  `id` int(10) unsigned NOT NULL AUTO_INCREMENT,
  `sync_type` varchar(50) NOT NULL COMMENT 'Type of sync: pddikti, manual_import, etc',
  `sync_date` datetime NOT NULL,
  `tahun_lulus` int(10) unsigned DEFAULT NULL COMMENT 'Graduation year being synced',
  `prodi_id` varchar(50) DEFAULT NULL COMMENT 'Study program ID filter',
  `fetched_count` int(10) unsigned NOT NULL DEFAULT 0,
  `inserted_count` int(10) unsigned NOT NULL DEFAULT 0,
  `updated_count` int(10) unsigned NOT NULL DEFAULT 0,
  `skipped_count` int(10) unsigned NOT NULL DEFAULT 0,
  `failed_count` int(10) unsigned NOT NULL DEFAULT 0,
  `errors` text DEFAULT NULL COMMENT 'JSON encoded error details',
  `status` enum('success','partial','failed') NOT NULL,
  `created_at` timestamp NULL DEFAULT current_timestamp(),
  PRIMARY KEY (`id`),
  KEY `idx_sync_type` (`sync_type`),
  KEY `idx_sync_date` (`sync_date`)
) ENGINE=InnoDB DEFAULT CHARSET=utf8mb4 COLLATE=utf8mb4_unicode_ci;

-- Dumping data for table tracerstudy.sync_logs: ~0 rows (approximately)

-- Dumping structure for table tracerstudy.system_settings
CREATE TABLE IF NOT EXISTS `system_settings` (
  `id` int(11) NOT NULL AUTO_INCREMENT,
  `setting_key` varchar(100) NOT NULL COMMENT 'Unique identifier untuk setting',
  `setting_value` text DEFAULT NULL COMMENT 'Value dari setting (bisa JSON)',
  `setting_type` enum('string','number','boolean','json','file') DEFAULT 'string',
  `category` varchar(50) DEFAULT 'general' COMMENT 'general, appearance, registration, contact, email, notification, pddikti',
  `label` varchar(200) DEFAULT NULL COMMENT 'Label human-readable',
  `description` text DEFAULT NULL COMMENT 'Deskripsi fungsi setting',
  `is_public` tinyint(1) DEFAULT 0 COMMENT '0=Internal only, 1=Can be shown publicly',
  `created_at` timestamp NOT NULL DEFAULT current_timestamp(),
  `updated_at` timestamp NOT NULL DEFAULT current_timestamp() ON UPDATE current_timestamp(),
  PRIMARY KEY (`id`),
  UNIQUE KEY `unique_setting_key` (`setting_key`),
  KEY `idx_category` (`category`),
  KEY `idx_is_public` (`is_public`)
) ENGINE=InnoDB AUTO_INCREMENT=42 DEFAULT CHARSET=utf8mb4 COLLATE=utf8mb4_unicode_ci;

-- Dumping data for table tracerstudy.system_settings: ~42 rows (approximately)
INSERT INTO `system_settings` (`id`, `setting_key`, `setting_value`, `setting_type`, `category`, `label`, `description`, `is_public`, `created_at`, `updated_at`) VALUES
	(1, 'app_name', 'Tracer Study System', 'string', 'general', 'Nama Aplikasi', 'Nama lengkap aplikasi yang ditampilkan di header dan title', 1, '2026-06-29 12:00:53', '2026-06-29 12:00:53'),
	(2, 'app_short_name', 'Tracer Study', 'string', 'general', 'Nama Singkat Aplikasi', 'Nama singkat untuk mobile view dan favicon', 1, '2026-06-29 12:00:53', '2026-06-29 12:00:53'),
	(3, 'app_version', '1.0.0', 'string', 'general', 'Versi Aplikasi', 'Versi sistem saat ini', 0, '2026-06-29 12:00:53', '2026-06-29 12:00:53'),
	(4, 'timezone', 'Asia/Jakarta', 'string', 'general', 'Zona Waktu', 'Timezone yang digunakan sistem', 0, '2026-06-29 12:00:53', '2026-06-29 12:00:53'),
	(5, 'date_format', 'd/m/Y', 'string', 'general', 'Format Tanggal', 'Format tampilan tanggal Indonesia', 0, '2026-06-29 12:00:53', '2026-06-29 12:00:53'),
	(6, 'language', 'id', 'string', 'general', 'Bahasa Default', 'Bahasa default sistem (id/en)', 0, '2026-06-29 12:00:53', '2026-06-29 12:00:53'),
	(7, 'maintenance_mode', '0', 'boolean', 'general', 'Mode Maintenance', 'Aktifkan jika sistem dalam maintenance', 0, '2026-06-29 12:00:53', '2026-06-29 12:00:53'),
	(8, 'registration_open', '1', 'boolean', 'general', 'Pendaftaran Dibuka', 'Status pendaftaran alumni baru', 1, '2026-06-29 12:00:53', '2026-06-29 12:00:53'),
	(9, 'logo_url', '/assets/images/logo.png', 'file', 'appearance', 'URL Logo', 'Path ke logo institusi', 1, '2026-06-29 12:00:53', '2026-06-29 12:00:53'),
	(10, 'favicon_url', '/assets/images/favicon.ico', 'file', 'appearance', 'URL Favicon', 'Path ke favicon', 1, '2026-06-29 12:00:53', '2026-06-29 12:00:53'),
	(11, 'primary_color', '#4e73df', 'string', 'appearance', 'Warna Utama', 'Warna primer tema aplikasi', 0, '2026-06-29 12:00:53', '2026-06-29 12:00:53'),
	(12, 'secondary_color', '#858796', 'string', 'appearance', 'Warna Sekunder', 'Warna sekunder tema aplikasi', 0, '2026-06-29 12:00:53', '2026-06-29 12:00:53'),
	(13, 'footer_text', '© 2024 Universitas - Tracer Study System', 'string', 'appearance', 'Teks Footer', 'Copyright text di footer', 1, '2026-06-29 12:00:53', '2026-06-29 12:00:53'),
	(14, 'show_social_media', '1', 'boolean', 'appearance', 'Tampilkan Media Sosial', 'Show/hide social media links di footer', 1, '2026-06-29 12:00:53', '2026-06-29 12:00:53'),
	(15, 'require_email_verification', '1', 'boolean', 'registration', 'Verifikasi Email Wajib', 'Alumni harus verifikasi email sebelum akses penuh', 0, '2026-06-29 12:00:53', '2026-06-29 12:00:53'),
	(16, 'require_nim_validation', '1', 'boolean', 'registration', 'Validasi NIM Wajib', 'NIM harus valid sesuai database akademik', 0, '2026-06-29 12:00:53', '2026-06-29 12:00:53'),
	(17, 'auto_approve_registration', '0', 'boolean', 'registration', 'Auto Approve Pendaftaran', 'Otomatis approve pendaftaran tanpa admin', 0, '2026-06-29 12:00:53', '2026-06-29 12:00:53'),
	(18, 'min_password_length', '8', 'number', 'registration', 'Panjang Password Minimum', 'Minimal karakter password', 0, '2026-06-29 12:00:53', '2026-06-29 12:00:53'),
	(19, 'allowed_kohort_range', '5', 'number', 'registration', 'Range Kohort Diizinkan', 'Jumlah tahun kohort yang boleh daftar (misal 5 = 5 tahun terakhir)', 0, '2026-06-29 12:00:53', '2026-06-29 12:00:53'),
	(20, 'enable_social_login', '0', 'boolean', 'registration', 'Login Media Sosial', 'Enable login via Google/Facebook', 0, '2026-06-29 12:00:53', '2026-06-29 12:00:53'),
	(21, 'institution_name', 'Universitas Contoh', 'string', 'contact', 'Nama Institusi', 'Nama lengkap universitas/institusi', 1, '2026-06-29 12:00:53', '2026-06-29 12:00:53'),
	(22, 'institution_address', 'Jl. Pendidikan No. 123, Kota Akademik', 'string', 'contact', 'Alamat Institusi', 'Alamat lengkap kantor', 1, '2026-06-29 12:00:53', '2026-06-29 12:00:53'),
	(23, 'institution_phone', '+62-21-1234567', 'string', 'contact', 'Telepon Institusi', 'Nomor telepon kantor', 1, '2026-06-29 12:00:53', '2026-06-29 12:00:53'),
	(24, 'institution_email', 'info@university.ac.id', 'string', 'contact', 'Email Institusi', 'Email kontak umum', 1, '2026-06-29 12:00:53', '2026-06-29 12:00:53'),
	(25, 'institution_website', 'https://www.university.ac.id', 'string', 'contact', 'Website Institusi', 'URL website resmi', 1, '2026-06-29 12:00:53', '2026-06-29 12:00:53'),
	(26, 'admin_email', 'admin@university.ac.id', 'string', 'contact', 'Email Admin', 'Email administrator sistem', 0, '2026-06-29 12:00:53', '2026-06-29 12:00:53'),
	(27, 'support_whatsapp', '+62-812-3456-7890', 'string', 'contact', 'WhatsApp Support', 'Nomor WhatsApp bantuan teknis', 1, '2026-06-29 12:00:53', '2026-06-29 12:00:53'),
	(28, 'smtp_host', 'smtp.gmail.com', 'string', 'email', 'SMTP Host', 'Server SMTP untuk kirim email', 0, '2026-06-29 12:00:53', '2026-06-29 12:00:53'),
	(29, 'smtp_port', '587', 'number', 'email', 'SMTP Port', 'Port SMTP server', 0, '2026-06-29 12:00:53', '2026-06-29 12:00:53'),
	(30, 'smtp_user', '', 'string', 'email', 'SMTP Username', 'Username untuk autentikasi SMTP', 0, '2026-06-29 12:00:53', '2026-06-29 12:00:53'),
	(31, 'smtp_encryption', 'tls', 'string', 'email', 'SMTP Encryption', 'TLS/SSL encryption', 0, '2026-06-29 12:00:53', '2026-06-29 12:00:53'),
	(32, 'email_from_name', 'Tracer Study System', 'string', 'email', 'Nama Pengirim Email', 'Display name pengirim email', 1, '2026-06-29 12:00:53', '2026-06-29 12:00:53'),
	(33, 'email_from_address', 'noreply@university.ac.id', 'string', 'email', 'Alamat Pengirim Email', 'Email address pengirim', 1, '2026-06-29 12:00:53', '2026-06-29 12:00:53'),
	(34, 'enable_email_notification', '1', 'boolean', 'notification', 'Notifikasi Email Aktif', 'Enable/disable email notifications', 0, '2026-06-29 12:00:53', '2026-06-29 12:00:53'),
	(35, 'enable_whatsapp_notification', '0', 'boolean', 'notification', 'Notifikasi WhatsApp Aktif', 'Enable/disable WhatsApp notifications', 0, '2026-06-29 12:00:53', '2026-06-29 12:00:53'),
	(36, 'enable_push_notification', '0', 'boolean', 'notification', 'Push Notification Aktif', 'Enable/disable browser push notifications', 0, '2026-06-29 12:00:53', '2026-06-29 12:00:53'),
	(37, 'survey_reminder_days', '7', 'number', 'notification', 'Pengingat Survei (Hari)', 'Kirim pengingat setiap X hari untuk survei belum diisi', 0, '2026-06-29 12:00:53', '2026-06-29 12:00:53'),
	(38, 'pddikti_api_url', 'https://api.pddikti.kemdikbud.go.id', 'string', 'pddikti', 'API URL PDDIKTI', 'Base URL API PDDIKTI', 0, '2026-06-29 12:00:53', '2026-06-29 12:00:53'),
	(39, 'pddikti_api_key', '', 'string', 'pddikti', 'API Key PDDIKTI', 'API key untuk akses PDDIKTI', 0, '2026-06-29 12:00:53', '2026-06-29 12:00:53'),
	(40, 'pddikti_sync_enabled', '0', 'boolean', 'pddikti', 'Sinkronisasi PDDIKTI Aktif', 'Enable auto-sync dengan PDDIKTI', 0, '2026-06-29 12:00:53', '2026-06-29 12:00:53'),
	(41, 'pddikti_sync_schedule', '0 2 * * *', 'string', 'pddikti', 'Jadwal Sinkronisasi', 'Cron schedule untuk sync (default: 2 AM daily)', 0, '2026-06-29 12:00:53', '2026-06-29 12:00:53');

-- Dumping structure for table tracerstudy.ump_provinsi
CREATE TABLE IF NOT EXISTS `ump_provinsi` (
  `id` int(10) unsigned NOT NULL AUTO_INCREMENT,
  `provinsi` varchar(100) NOT NULL,
  `tahun` year(4) NOT NULL,
  `nominal` decimal(12,2) NOT NULL,
  `perubahan_persen` decimal(5,2) DEFAULT NULL,
  `created_at` timestamp NULL DEFAULT current_timestamp(),
  PRIMARY KEY (`id`),
  UNIQUE KEY `uk_ump_tahun_provinsi` (`tahun`,`provinsi`),
  KEY `idx_ump_tahun` (`tahun`)
) ENGINE=InnoDB AUTO_INCREMENT=22 DEFAULT CHARSET=utf8mb4 COLLATE=utf8mb4_unicode_ci;

-- Dumping data for table tracerstudy.ump_provinsi: ~21 rows (approximately)
INSERT INTO `ump_provinsi` (`id`, `provinsi`, `tahun`, `nominal`, `perubahan_persen`, `created_at`) VALUES
	(1, 'DKI Jakarta', '2024', 5067381.00, 5.20, '2026-06-28 04:58:26'),
	(2, 'DKI Jakarta', '2025', 5330885.00, 5.20, '2026-06-28 04:58:26'),
	(3, 'DKI Jakarta', '2026', 5608091.00, 5.20, '2026-06-28 04:58:26'),
	(4, 'Jawa Barat', '2024', 2064891.00, 6.50, '2026-06-28 04:58:26'),
	(5, 'Jawa Barat', '2025', 2199109.00, 6.50, '2026-06-28 04:58:26'),
	(6, 'Jawa Barat', '2026', 2342051.00, 6.50, '2026-06-28 04:58:26'),
	(7, 'Jawa Tengah', '2024', 2096156.00, 7.00, '2026-06-28 04:58:26'),
	(8, 'Jawa Tengah', '2025', 2242887.00, 7.00, '2026-06-28 04:58:26'),
	(9, 'Jawa Tengah', '2026', 2399889.00, 7.00, '2026-06-28 04:58:26'),
	(10, 'Jawa Timur', '2024', 2130298.00, 6.80, '2026-06-28 04:58:26'),
	(11, 'Jawa Timur', '2025', 2275158.00, 6.80, '2026-06-28 04:58:26'),
	(12, 'Jawa Timur', '2026', 2429869.00, 6.80, '2026-06-28 04:58:26'),
	(13, 'Banten', '2024', 2906093.00, 5.50, '2026-06-28 04:58:26'),
	(14, 'Banten', '2025', 3065928.00, 5.50, '2026-06-28 04:58:26'),
	(15, 'Banten', '2026', 3234554.00, 5.50, '2026-06-28 04:58:26'),
	(16, 'Sumatera Utara', '2024', 2851319.00, 6.00, '2026-06-28 04:58:26'),
	(17, 'Sumatera Utara', '2025', 3022398.00, 6.00, '2026-06-28 04:58:26'),
	(18, 'Sumatera Utara', '2026', 3203742.00, 6.00, '2026-06-28 04:58:26'),
	(19, 'Sulawesi Selatan', '2024', 3586696.00, 5.80, '2026-06-28 04:58:26'),
	(20, 'Sulawesi Selatan', '2025', 3794724.00, 5.80, '2026-06-28 04:58:26'),
	(21, 'Sulawesi Selatan', '2026', 4014818.00, 5.80, '2026-06-28 04:58:26');

-- Dumping structure for table tracerstudy.users
CREATE TABLE IF NOT EXISTS `users` (
  `id` int(10) unsigned NOT NULL AUTO_INCREMENT,
  `username` varchar(50) NOT NULL,
  `email` varchar(100) NOT NULL,
  `password_hash` varchar(255) NOT NULL,
  `full_name` varchar(100) NOT NULL,
  `role` enum('super_admin','admin_pusat_karir','admin_prodi','dosen','reviewer','admin_fakultas','alumni','stakeholder') NOT NULL DEFAULT 'alumni',
  `prodi_id` int(10) unsigned DEFAULT NULL,
  `is_active` tinyint(1) DEFAULT 1,
  `is_verified` tinyint(1) DEFAULT 0,
  `last_login` datetime DEFAULT NULL,
  `password_changed_at` datetime DEFAULT NULL,
  `must_change_password` tinyint(1) DEFAULT 0,
  `created_at` timestamp NULL DEFAULT current_timestamp(),
  `updated_at` timestamp NULL DEFAULT current_timestamp() ON UPDATE current_timestamp(),
  PRIMARY KEY (`id`),
  UNIQUE KEY `username` (`username`),
  UNIQUE KEY `email` (`email`),
  KEY `fk_user_prodi` (`prodi_id`),
  KEY `idx_users_role` (`role`),
  KEY `idx_users_email` (`email`),
  KEY `idx_users_active` (`is_active`),
  CONSTRAINT `fk_user_prodi` FOREIGN KEY (`prodi_id`) REFERENCES `program_studi` (`id`) ON DELETE SET NULL ON UPDATE CASCADE
) ENGINE=InnoDB AUTO_INCREMENT=11 DEFAULT CHARSET=utf8mb4 COLLATE=utf8mb4_unicode_ci;

-- Dumping data for table tracerstudy.users: ~9 rows (approximately)
INSERT INTO `users` (`id`, `username`, `email`, `password_hash`, `full_name`, `role`, `prodi_id`, `is_active`, `is_verified`, `last_login`, `password_changed_at`, `must_change_password`, `created_at`, `updated_at`) VALUES
	(2, 'superadmin', 'superadmin@univ.ac.id', '$2b$12$zJkCzMV0dc0RlEePZNjR/.8xR6MPPEvEXJf8XtX2FxtWLdTiFP0Vi', 'Administrator Sistem', 'super_admin', NULL, 1, 1, '2026-06-30 04:51:43', NULL, 0, '2026-06-29 20:42:17', '2026-06-29 21:51:43'),
	(3, 'admin_pusat_karir', 'career.center@univ.ac.id', '$2b$12$zJkCzMV0dc0RlEePZNjR/.8xR6MPPEvEXJf8XtX2FxtWLdTiFP0Vi', 'Kepala Career Development Center', 'admin_pusat_karir', NULL, 1, 1, '2026-07-01 08:18:12', NULL, 0, '2026-06-29 20:42:17', '2026-07-01 01:18:12'),
	(4, 'admin_ti', 'admin.ti@univ.ac.id', '$2b$12$zJkCzMV0dc0RlEePZNjR/.8xR6MPPEvEXJf8XtX2FxtWLdTiFP0Vi', 'Admin Prodi Teknik Informatika', 'admin_prodi', 1, 1, 1, '2026-07-01 13:19:05', NULL, 0, '2026-06-29 20:42:17', '2026-07-01 06:19:05'),
	(5, 'admin_ak', 'admin.ak@univ.ac.id', '$2b$12$zJkCzMV0dc0RlEePZNjR/.8xR6MPPEvEXJf8XtX2FxtWLdTiFP0Vi', 'Admin Prodi Akuntansi', 'admin_prodi', 4, 1, 1, NULL, NULL, 0, '2026-06-29 20:42:17', '2026-06-29 22:13:47'),
	(6, 'andi.pratama', 'andi.pratama@email.com', '$2b$12$zJkCzMV0dc0RlEePZNjR/.8xR6MPPEvEXJf8XtX2FxtWLdTiFP0Vi', 'Andi Pratama, S.Kom', 'alumni', 1, 1, 1, NULL, NULL, 0, '2026-06-29 20:42:17', '2026-06-29 21:52:19'),
	(7, 'siti.nurhaliza', 'siti.nurhaliza@email.com', '$2b$12$zJkCzMV0dc0RlEePZNjR/.8xR6MPPEvEXJf8XtX2FxtWLdTiFP0Vi', 'Siti Nurhaliza, S.E.', 'alumni', 4, 1, 1, NULL, NULL, 0, '2026-06-29 20:42:17', '2026-06-29 21:52:20'),
	(8, 'budi.santoso', 'budi.santoso@email.com', '$2b$12$zJkCzMV0dc0RlEePZNjR/.8xR6MPPEvEXJf8XtX2FxtWLdTiFP0Vi', 'Budi Santoso, S.Ds', 'alumni', 1, 1, 0, NULL, NULL, 1, '2026-06-29 20:42:17', '2026-06-29 21:52:21'),
	(9, 'hrd.perusahaan_maju', 'hrd@perusahaanmaju.com', '$2b$12$zJkCzMV0dc0RlEePZNjR/.8xR6MPPEvEXJf8XtX2FxtWLdTiFP0Vi', 'Bagian HRD PT Maju Jaya', 'stakeholder', NULL, 1, 1, NULL, NULL, 0, '2026-06-29 20:42:17', '2026-06-29 21:52:21'),
	(10, 'rizky.ramadhan', 'rizky.ramadhan@email.com', '$2b$12$zJkCzMV0dc0RlEePZNjR/.8xR6MPPEvEXJf8XtX2FxtWLdTiFP0Vi', 'Rizky Ramadhan, S.M.', 'alumni', 5, 1, 0, NULL, NULL, 1, '2026-06-29 20:42:17', '2026-06-29 21:52:22');

-- Dumping structure for table tracerstudy.verifikasi_data
CREATE TABLE IF NOT EXISTS `verifikasi_data` (
  `id` bigint(20) unsigned NOT NULL AUTO_INCREMENT,
  `alumni_id` int(10) unsigned NOT NULL,
  `verifikator_id` int(10) unsigned NOT NULL,
  `jenis_verifikasi` enum('data_pribadi','pekerjaan','kelanjutan_studi','wirausaha','semua') NOT NULL,
  `status` enum('pending','approved','rejected') NOT NULL DEFAULT 'pending',
  `catatan` text DEFAULT NULL,
  `bukti_files` longtext CHARACTER SET utf8mb4 COLLATE utf8mb4_bin DEFAULT NULL COMMENT 'Array of file paths' CHECK (json_valid(`bukti_files`)),
  `verified_at` datetime DEFAULT NULL,
  `created_at` timestamp NULL DEFAULT current_timestamp(),
  PRIMARY KEY (`id`),
  KEY `fk_verif_user` (`verifikator_id`),
  KEY `idx_verif_status` (`status`),
  KEY `idx_verif_alumni` (`alumni_id`),
  CONSTRAINT `fk_verif_alumni` FOREIGN KEY (`alumni_id`) REFERENCES `alumni` (`id`) ON DELETE CASCADE ON UPDATE CASCADE,
  CONSTRAINT `fk_verif_user` FOREIGN KEY (`verifikator_id`) REFERENCES `users` (`id`) ON UPDATE CASCADE
) ENGINE=InnoDB DEFAULT CHARSET=utf8mb4 COLLATE=utf8mb4_unicode_ci;

-- Dumping data for table tracerstudy.verifikasi_data: ~0 rows (approximately)

-- Dumping structure for view tracerstudy.v_alumni_summary
-- Creating temporary table to overcome VIEW dependency errors
CREATE TABLE `v_alumni_summary` (
	`id` INT(11) UNSIGNED NOT NULL,
	`nim` VARCHAR(1) NOT NULL COLLATE 'utf8mb4_unicode_ci',
	`nama_lengkap` VARCHAR(1) NOT NULL COLLATE 'utf8mb4_unicode_ci',
	`prodi_nama` VARCHAR(1) NOT NULL COLLATE 'utf8mb4_unicode_ci',
	`fakultas_nama` VARCHAR(1) NOT NULL COLLATE 'utf8mb4_unicode_ci',
	`tahun_lulus` YEAR NULL,
	`status_tracing` ENUM('belum_responden','sudah_responden','data_diverifikasi','data_ditolak') NULL COLLATE 'utf8mb4_unicode_ci',
	`is_verified` TINYINT(1) NULL,
	`email_pribadi` VARCHAR(1) NULL COLLATE 'utf8mb4_unicode_ci',
	`no_hp_whatsapp` VARCHAR(1) NULL COLLATE 'utf8mb4_unicode_ci'
) ENGINE=MyISAM;

-- Dumping structure for view tracerstudy.v_cpl_gap_monitoring
-- Creating temporary table to overcome VIEW dependency errors
CREATE TABLE `v_cpl_gap_monitoring` (
	`cpl_id` INT(10) UNSIGNED NOT NULL,
	`kode_cpl` VARCHAR(1) NOT NULL COLLATE 'utf8mb4_unicode_ci',
	`aspect` ENUM('Sikap','Pengetahuan','Keterampilan_Umum','Keterampilan_Khusus') NOT NULL COLLATE 'utf8mb4_unicode_ci',
	`target_industri` DECIMAL(3,2) NULL,
	`total_mappings` BIGINT(21) NOT NULL,
	`has_sn_dikti` BIGINT(1) NULL,
	`has_kkni` BIGINT(1) NULL
) ENGINE=MyISAM;

-- Dumping structure for view tracerstudy.v_iku_dashboard
-- Creating temporary table to overcome VIEW dependency errors
CREATE TABLE `v_iku_dashboard` (
	`prodi_kode` VARCHAR(1) NOT NULL COLLATE 'utf8mb4_unicode_ci',
	`prodi_nama` VARCHAR(1) NOT NULL COLLATE 'utf8mb4_unicode_ci',
	`tahun_iku` YEAR NOT NULL,
	`iku_number` TINYINT(3) UNSIGNED NOT NULL COMMENT '1-8 for IKU indicators',
	`numerator` INT(10) UNSIGNED NOT NULL,
	`denominator` INT(10) UNSIGNED NOT NULL,
	`percentage` DECIMAL(5,2) NULL,
	`target_percentage` DECIMAL(5,2) NULL,
	`status_capaian` ENUM('Belum','Tercapai','Melampaui') NULL COLLATE 'utf8mb4_unicode_ci',
	`status_visual` VARCHAR(1) NULL COLLATE 'utf8mb4_general_ci'
) ENGINE=MyISAM;

-- Dumping structure for view tracerstudy.v_survey_response_rate
-- Creating temporary table to overcome VIEW dependency errors
CREATE TABLE `v_survey_response_rate` (
	`survey_id` INT(10) UNSIGNED NOT NULL,
	`title` VARCHAR(1) NOT NULL COLLATE 'utf8mb4_unicode_ci',
	`tahun_periode` YEAR NOT NULL,
	`total_responses` BIGINT(21) NOT NULL,
	`completed_responses` BIGINT(21) NOT NULL,
	`draft_responses` BIGINT(21) NOT NULL,
	`completion_rate` DECIMAL(26,2) NULL
) ENGINE=MyISAM;

-- Dumping structure for trigger tracerstudy.trg_prevent_log_delete
SET @OLDTMP_SQL_MODE=@@SQL_MODE, SQL_MODE='NO_AUTO_VALUE_ON_ZERO';
DELIMITER //
CREATE TRIGGER `trg_prevent_log_delete` 
BEFORE DELETE ON `activity_logs`
FOR EACH ROW
BEGIN
  SIGNAL SQLSTATE '45000' 
  SET MESSAGE_TEXT = 'Activity logs are immutable and cannot be deleted';
END//
DELIMITER ;
SET SQL_MODE=@OLDTMP_SQL_MODE;

-- Dumping structure for trigger tracerstudy.trg_update_completion_pct
SET @OLDTMP_SQL_MODE=@@SQL_MODE, SQL_MODE='NO_AUTO_VALUE_ON_ZERO';
DELIMITER //
CREATE TRIGGER `trg_update_completion_pct` 
AFTER INSERT ON `survey_answers`
FOR EACH ROW
BEGIN
  DECLARE total_q INT;
  DECLARE answered_q INT;
  DECLARE pct DECIMAL(5,2);
  
  SELECT COUNT(*) INTO total_q FROM survey_questions WHERE survey_id = (
    SELECT survey_id FROM survey_responses WHERE id = NEW.response_id
  );
  
  SELECT COUNT(DISTINCT question_id) INTO answered_q 
  FROM survey_answers WHERE response_id = NEW.response_id;
  
  IF total_q > 0 THEN
    SET pct = (answered_q / total_q) * 100;
    UPDATE survey_responses 
    SET completion_percentage = pct, updated_at = NOW()
    WHERE id = NEW.response_id;
  END IF;
END//
DELIMITER ;
SET SQL_MODE=@OLDTMP_SQL_MODE;

-- Removing temporary table and create final VIEW structure
DROP TABLE IF EXISTS `v_alumni_summary`;
CREATE ALGORITHM=UNDEFINED SQL SECURITY DEFINER VIEW `v_alumni_summary` AS SELECT 
  a.id,
  a.nim,
  a.nama_lengkap,
  ps.nama AS prodi_nama,
  f.nama AS fakultas_nama,
  k.tahun_lulus,
  a.status_tracing,
  a.is_verified,
  a.email_pribadi,
  a.no_hp_whatsapp
FROM alumni a
JOIN program_studi ps ON a.prodi_id = ps.id
JOIN fakultas f ON ps.fakultas_id = f.id
LEFT JOIN kohorts k ON a.kohort_id = k.id 
;

-- Removing temporary table and create final VIEW structure
DROP TABLE IF EXISTS `v_cpl_gap_monitoring`;
CREATE ALGORITHM=UNDEFINED SQL SECURITY DEFINER VIEW `v_cpl_gap_monitoring` AS SELECT
  c.id as cpl_id,
  c.kode_cpl,
  c.jenis as aspect,
  c.target_industri,
  COUNT(DISTINCT cm.id) as total_mappings,
  MAX(CASE WHEN cm.type = 'SN_DIPTI' THEN 1 ELSE 0 END) as has_sn_dikti,
  MAX(CASE WHEN cm.type = 'KKNI' THEN 1 ELSE 0 END) as has_kkni
FROM cpl c
LEFT JOIN cpl_mapping cm ON c.id = cm.cpl_id
GROUP BY c.id, c.kode_cpl, c.jenis, c.target_industri 
;

-- Removing temporary table and create final VIEW structure
DROP TABLE IF EXISTS `v_iku_dashboard`;
CREATE ALGORITHM=UNDEFINED SQL SECURITY DEFINER VIEW `v_iku_dashboard` AS SELECT 
  ps.kode AS prodi_kode,
  ps.nama AS prodi_nama,
  ic.tahun_iku,
  ic.iku_number,
  ic.numerator,
  ic.denominator,
  ic.percentage,
  ic.target_percentage,
  ic.status_capaian,
  CASE 
    WHEN ic.percentage >= ic.target_percentage THEN '✅ Tercapai'
    ELSE '❌ Belum Tercapai'
  END AS status_visual
FROM iku_calculations ic
JOIN program_studi ps ON ic.prodi_id = ps.id
ORDER BY ic.tahun_iku DESC, ps.kode, ic.iku_number 
;

-- Removing temporary table and create final VIEW structure
DROP TABLE IF EXISTS `v_survey_response_rate`;
CREATE ALGORITHM=UNDEFINED SQL SECURITY DEFINER VIEW `v_survey_response_rate` AS SELECT 
  s.id AS survey_id,
  s.title,
  s.tahun_periode,
  COUNT(DISTINCT sr.id) AS total_responses,
  COUNT(DISTINCT CASE WHEN sr.status = 'submitted' THEN sr.id END) AS completed_responses,
  COUNT(DISTINCT CASE WHEN sr.status = 'draft' THEN sr.id END) AS draft_responses,
  ROUND(COUNT(DISTINCT CASE WHEN sr.status = 'submitted' THEN sr.id END) * 100.0 / 
        NULLIF(COUNT(DISTINCT sr.id), 0), 2) AS completion_rate
FROM surveys s
LEFT JOIN survey_responses sr ON s.id = sr.survey_id
GROUP BY s.id, s.title, s.tahun_periode 
;

/*!40103 SET TIME_ZONE=IFNULL(@OLD_TIME_ZONE, 'system') */;
/*!40101 SET SQL_MODE=IFNULL(@OLD_SQL_MODE, '') */;
/*!40014 SET FOREIGN_KEY_CHECKS=IFNULL(@OLD_FOREIGN_KEY_CHECKS, 1) */;
/*!40101 SET CHARACTER_SET_CLIENT=@OLD_CHARACTER_SET_CLIENT */;
/*!40111 SET SQL_NOTES=IFNULL(@OLD_SQL_NOTES, 1) */;
